{
  "BlastOutput2": {
    "report": {
      "program": "blastn",
      "version": "BLASTN 2.10.0+",
      "reference": "Stephen F. Altschul, Thomas L. Madden, Alejandro A. Sch&auml;ffer, Jinghui Zhang, Zheng Zhang, Webb Miller, and David J. Lipman (1997), \"Gapped BLAST and PSI-BLAST: a new generation of protein database search programs\", Nucleic Acids Res. 25:3389-3402.",
      "search_target": {
        "db": "nt_v5"
      },
      "params": {
        "expect": 10,
        "sc_match": 2,
        "sc_mismatch": -3,
        "gap_open": 5,
        "gap_extend": 2,
        "filter": "L;m;"
      },
      "results": {
        "search": {
          "query_id": "Query_12385",
          "query_title": "Insertion Seq 3",
          "query_len": 33,
          "hits": [
            {
              "num": 1,
              "description": [
                {
                  "id": "gi|1710396517|gb|CP035802.1|",
                  "accession": "CP035802",
                  "title": "Haemonchus contortus strain NZ_Hco_NP chromosome 3",
                  "taxid": 6289,
                  "sciname": "Haemonchus contortus"
                }
              ],
              "len": 83970805,
              "hsps": [
                {
                  "num": 1,
                  "bit_score": 37.3537,
                  "score": 40,
                  "evalue": 4.50935,
                  "identity": 25,
                  "query_from": 2,
                  "query_to": 28,
                  "query_strand": "Plus",
                  "hit_from": 81643716,
                  "hit_to": 81643691,
                  "hit_strand": "Minus",
                  "align_len": 27,
                  "gaps": 1,
                  "qseq": "ATTGGTACCCATCCCCTAAGTGCCAAT",
                  "hseq": "ATTGGTACCCATCCCC-AAGTGACAAT",
                  "midline": "|||||||||||||||| ||||| ||||"
                }
              ]
            },
            {
              "num": 2,
              "description": [
                {
                  "id": "gi|1676320222|emb|LR594559.1|",
                  "accession": "LR594559",
                  "title": "Streptopelia turtur genome assembly, chromosome: 8",
                  "taxid": 177155,
                  "sciname": "Streptopelia turtur"
                }
              ],
              "len": 34574536,
              "hsps": [
                {
                  "num": 1,
                  "bit_score": 37.3537,
                  "score": 40,
                  "evalue": 4.50935,
                  "identity": 20,
                  "query_from": 12,
                  "query_to": 31,
                  "query_strand": "Plus",
                  "hit_from": 14401542,
                  "hit_to": 14401523,
                  "hit_strand": "Minus",
                  "align_len": 20,
                  "gaps": 0,
                  "qseq": "ATCCCCTAAGTGCCAATATT",
                  "hseq": "ATCCCCTAAGTGCCAATATT",
                  "midline": "||||||||||||||||||||"
                }
              ]
            },
            {
              "num": 3,
              "description": [
                {
                  "id": "gi|1469928216|emb|LS997564.1|",
                  "accession": "LS997564",
                  "title": "Haemonchus contortus, ISE/inbred ISE, WGS project CAVP01000000 data, chromosome: 3",
                  "taxid": 6289,
                  "sciname": "Haemonchus contortus"
                }
              ],
              "len": 43560352,
              "hsps": [
                {
                  "num": 1,
                  "bit_score": 37.3537,
                  "score": 40,
                  "evalue": 4.50935,
                  "identity": 25,
                  "query_from": 2,
                  "query_to": 28,
                  "query_strand": "Plus",
                  "hit_from": 41596085,
                  "hit_to": 41596060,
                  "hit_strand": "Minus",
                  "align_len": 27,
                  "gaps": 1,
                  "qseq": "ATTGGTACCCATCCCCTAAGTGCCAAT",
                  "hseq": "ATTGGTACCCATCCCC-AAGTGACAAT",
                  "midline": "|||||||||||||||| ||||| ||||"
                }
              ]
            }
          ],
          "stat": {
            "db_num": 56611368,
            "db_len": 265677968464,
            "hsp_len": 0,
            "eff_space": 0,
            "kappa": 0.41,
            "lambda": 0.625,
            "entropy": 0.78
          }
        }
      }
    }
  }
}
