{
  "BlastOutput2": {
    "report": {
      "program": "blastn",
      "version": "BLASTN 2.10.0+",
      "reference": "Stephen F. Altschul, Thomas L. Madden, Alejandro A. Sch&auml;ffer, Jinghui Zhang, Zheng Zhang, Webb Miller, and David J. Lipman (1997), \"Gapped BLAST and PSI-BLAST: a new generation of protein database search programs\", Nucleic Acids Res. 25:3389-3402.",
      "search_target": {
        "db": "nt_v5"
      },
      "params": {
        "expect": 10,
        "sc_match": 2,
        "sc_mismatch": -3,
        "gap_open": 5,
        "gap_extend": 2,
        "filter": "L;m;"
      },
      "results": {
        "search": {
          "query_id": "Query_12540",
          "query_title": "Insertion Seq 158",
          "query_len": 6,
          "hits": [
          ],
          "stat": {
            "db_num": 56611368,
            "db_len": 265677968464,
            "hsp_len": 0,
            "eff_space": 0,
            "kappa": 0.41,
            "lambda": 0.625,
            "entropy": 0.78
          },
          "message": "No hits found"
        }
      }
    }
  }
}
