{
  "BlastOutput2": {
    "report": {
      "program": "blastn",
      "version": "BLASTN 2.10.0+",
      "reference": "Stephen F. Altschul, Thomas L. Madden, Alejandro A. Sch&auml;ffer, Jinghui Zhang, Zheng Zhang, Webb Miller, and David J. Lipman (1997), \"Gapped BLAST and PSI-BLAST: a new generation of protein database search programs\", Nucleic Acids Res. 25:3389-3402.",
      "search_target": {
        "db": "nt_v5"
      },
      "params": {
        "expect": 10,
        "sc_match": 2,
        "sc_mismatch": -3,
        "gap_open": 5,
        "gap_extend": 2,
        "filter": "L;m;"
      },
      "results": {
        "search": {
          "query_id": "Query_12428",
          "query_title": "Insertion Seq 46",
          "query_len": 27,
          "hits": [
            {
              "num": 1,
              "description": [
                {
                  "id": "gi|1695378335|emb|LR597480.1|",
                  "accession": "LR597480",
                  "title": "Sphaeramia orbicularis genome assembly, chromosome: 24",
                  "taxid": 375764,
                  "sciname": "Sphaeramia orbicularis"
                }
              ],
              "len": 50247524,
              "hsps": [
                {
                  "num": 1,
                  "bit_score": 39.157,
                  "score": 42,
                  "evalue": 1.29195,
                  "identity": 21,
                  "query_from": 6,
                  "query_to": 26,
                  "query_strand": "Plus",
                  "hit_from": 17077866,
                  "hit_to": 17077886,
                  "hit_strand": "Plus",
                  "align_len": 21,
                  "gaps": 0,
                  "qseq": "TGTCCTGTATTTTACAACAGA",
                  "hseq": "TGTCCTGTATTTTACAACAGA",
                  "midline": "|||||||||||||||||||||"
                },
                {
                  "num": 2,
                  "bit_score": 39.157,
                  "score": 42,
                  "evalue": 1.29195,
                  "identity": 21,
                  "query_from": 6,
                  "query_to": 26,
                  "query_strand": "Plus",
                  "hit_from": 17157555,
                  "hit_to": 17157575,
                  "hit_strand": "Plus",
                  "align_len": 21,
                  "gaps": 0,
                  "qseq": "TGTCCTGTATTTTACAACAGA",
                  "hseq": "TGTCCTGTATTTTACAACAGA",
                  "midline": "|||||||||||||||||||||"
                }
              ]
            },
            {
              "num": 2,
              "description": [
                {
                  "id": "gi|1539176590|emb|LR132055.1|",
                  "accession": "LR132055",
                  "title": "Anabas testudineus genome assembly, chromosome: 16",
                  "taxid": 64144,
                  "sciname": "Anabas testudineus"
                }
              ],
              "len": 24434175,
              "hsps": [
                {
                  "num": 1,
                  "bit_score": 39.157,
                  "score": 42,
                  "evalue": 1.29195,
                  "identity": 26,
                  "query_from": 1,
                  "query_to": 27,
                  "query_strand": "Plus",
                  "hit_from": 19291503,
                  "hit_to": 19291530,
                  "hit_strand": "Plus",
                  "align_len": 28,
                  "gaps": 1,
                  "qseq": "TATAT-TGTCCTGTATTTTACAACAGAA",
                  "hseq": "TATATCTGTCCTGTATTTTACGACAGAA",
                  "midline": "||||| ||||||||||||||| ||||||"
                }
              ]
            },
            {
              "num": 3,
              "description": [
                {
                  "id": "gi|1803958163|ref|XM_032233555.1|",
                  "accession": "XM_032233555",
                  "title": "PREDICTED: Thamnophis elegans UBA domain containing 1 (UBAC1), mRNA",
                  "taxid": 35005,
                  "sciname": "Thamnophis elegans"
                }
              ],
              "len": 1784,
              "hsps": [
                {
                  "num": 1,
                  "bit_score": 37.3537,
                  "score": 40,
                  "evalue": 4.50935,
                  "identity": 20,
                  "query_from": 8,
                  "query_to": 27,
                  "query_strand": "Plus",
                  "hit_from": 1769,
                  "hit_to": 1750,
                  "hit_strand": "Minus",
                  "align_len": 20,
                  "gaps": 0,
                  "qseq": "TCCTGTATTTTACAACAGAA",
                  "hseq": "TCCTGTATTTTACAACAGAA",
                  "midline": "||||||||||||||||||||"
                }
              ]
            },
            {
              "num": 4,
              "description": [
                {
                  "id": "gi|1614056728|emb|LR584430.1|",
                  "accession": "LR584430",
                  "title": "Salmo trutta genome assembly, chromosome: 7",
                  "taxid": 8032,
                  "sciname": "Salmo trutta"
                }
              ],
              "len": 59837330,
              "hsps": [
                {
                  "num": 1,
                  "bit_score": 37.3537,
                  "score": 40,
                  "evalue": 4.50935,
                  "identity": 20,
                  "query_from": 6,
                  "query_to": 25,
                  "query_strand": "Plus",
                  "hit_from": 16103781,
                  "hit_to": 16103762,
                  "hit_strand": "Minus",
                  "align_len": 20,
                  "gaps": 0,
                  "qseq": "TGTCCTGTATTTTACAACAG",
                  "hseq": "TGTCCTGTATTTTACAACAG",
                  "midline": "||||||||||||||||||||"
                }
              ]
            },
            {
              "num": 5,
              "description": [
                {
                  "id": "gi|1559969737|gb|CP032597.1|",
                  "accession": "CP032597",
                  "title": "Lateolabrax maculatus linkage group 22 sequence",
                  "taxid": 315492,
                  "sciname": "Lateolabrax maculatus"
                }
              ],
              "len": 19345769,
              "hsps": [
                {
                  "num": 1,
                  "bit_score": 37.3537,
                  "score": 40,
                  "evalue": 4.50935,
                  "identity": 20,
                  "query_from": 2,
                  "query_to": 21,
                  "query_strand": "Plus",
                  "hit_from": 6673126,
                  "hit_to": 6673145,
                  "hit_strand": "Plus",
                  "align_len": 20,
                  "gaps": 0,
                  "qseq": "ATATTGTCCTGTATTTTACA",
                  "hseq": "ATATTGTCCTGTATTTTACA",
                  "midline": "||||||||||||||||||||"
                }
              ]
            },
            {
              "num": 6,
              "description": [
                {
                  "id": "gi|1558336198|gb|CP027285.1|",
                  "accession": "CP027285",
                  "title": "Lateolabrax maculatus chromosome Lm24",
                  "taxid": 315492,
                  "sciname": "Lateolabrax maculatus"
                }
              ],
              "len": 19492233,
              "hsps": [
                {
                  "num": 1,
                  "bit_score": 37.3537,
                  "score": 40,
                  "evalue": 4.50935,
                  "identity": 20,
                  "query_from": 2,
                  "query_to": 21,
                  "query_strand": "Plus",
                  "hit_from": 6690244,
                  "hit_to": 6690263,
                  "hit_strand": "Plus",
                  "align_len": 20,
                  "gaps": 0,
                  "qseq": "ATATTGTCCTGTATTTTACA",
                  "hseq": "ATATTGTCCTGTATTTTACA",
                  "midline": "||||||||||||||||||||"
                }
              ]
            },
            {
              "num": 7,
              "description": [
                {
                  "id": "gi|1069362461|ref|XM_018266066.1|",
                  "accession": "XM_018266066",
                  "title": "PREDICTED: Xenopus laevis DNA (cytosine-5)-methyltransferase 3A (LOC108718324), transcript variant X4, mRNA",
                  "taxid": 8355,
                  "sciname": "Xenopus laevis"
                }
              ],
              "len": 10133,
              "hsps": [
                {
                  "num": 1,
                  "bit_score": 37.3537,
                  "score": 40,
                  "evalue": 4.50935,
                  "identity": 23,
                  "query_from": 1,
                  "query_to": 25,
                  "query_strand": "Plus",
                  "hit_from": 6464,
                  "hit_to": 6440,
                  "hit_strand": "Minus",
                  "align_len": 25,
                  "gaps": 0,
                  "qseq": "TATATTGTCCTGTATTTTACAACAG",
                  "hseq": "TATATTGTCCTGTACTTTAAAACAG",
                  "midline": "|||||||||||||| |||| |||||"
                }
              ]
            },
            {
              "num": 8,
              "description": [
                {
                  "id": "gi|1069362459|ref|XM_018266065.1|",
                  "accession": "XM_018266065",
                  "title": "PREDICTED: Xenopus laevis DNA (cytosine-5)-methyltransferase 3A (LOC108718324), transcript variant X3, mRNA",
                  "taxid": 8355,
                  "sciname": "Xenopus laevis"
                }
              ],
              "len": 10850,
              "hsps": [
                {
                  "num": 1,
                  "bit_score": 37.3537,
                  "score": 40,
                  "evalue": 4.50935,
                  "identity": 23,
                  "query_from": 1,
                  "query_to": 25,
                  "query_strand": "Plus",
                  "hit_from": 7181,
                  "hit_to": 7157,
                  "hit_strand": "Minus",
                  "align_len": 25,
                  "gaps": 0,
                  "qseq": "TATATTGTCCTGTATTTTACAACAG",
                  "hseq": "TATATTGTCCTGTACTTTAAAACAG",
                  "midline": "|||||||||||||| |||| |||||"
                }
              ]
            },
            {
              "num": 9,
              "description": [
                {
                  "id": "gi|1069362457|ref|XM_018266064.1|",
                  "accession": "XM_018266064",
                  "title": "PREDICTED: Xenopus laevis DNA (cytosine-5)-methyltransferase 3A (LOC108718324), transcript variant X2, mRNA",
                  "taxid": 8355,
                  "sciname": "Xenopus laevis"
                }
              ],
              "len": 10896,
              "hsps": [
                {
                  "num": 1,
                  "bit_score": 37.3537,
                  "score": 40,
                  "evalue": 4.50935,
                  "identity": 23,
                  "query_from": 1,
                  "query_to": 25,
                  "query_strand": "Plus",
                  "hit_from": 7227,
                  "hit_to": 7203,
                  "hit_strand": "Minus",
                  "align_len": 25,
                  "gaps": 0,
                  "qseq": "TATATTGTCCTGTATTTTACAACAG",
                  "hseq": "TATATTGTCCTGTACTTTAAAACAG",
                  "midline": "|||||||||||||| |||| |||||"
                }
              ]
            },
            {
              "num": 10,
              "description": [
                {
                  "id": "gi|1069362455|ref|XM_018266063.1|",
                  "accession": "XM_018266063",
                  "title": "PREDICTED: Xenopus laevis DNA (cytosine-5)-methyltransferase 3A (LOC108718324), transcript variant X1, mRNA",
                  "taxid": 8355,
                  "sciname": "Xenopus laevis"
                }
              ],
              "len": 10905,
              "hsps": [
                {
                  "num": 1,
                  "bit_score": 37.3537,
                  "score": 40,
                  "evalue": 4.50935,
                  "identity": 23,
                  "query_from": 1,
                  "query_to": 25,
                  "query_strand": "Plus",
                  "hit_from": 7236,
                  "hit_to": 7212,
                  "hit_strand": "Minus",
                  "align_len": 25,
                  "gaps": 0,
                  "qseq": "TATATTGTCCTGTATTTTACAACAG",
                  "hseq": "TATATTGTCCTGTACTTTAAAACAG",
                  "midline": "|||||||||||||| |||| |||||"
                }
              ]
            },
            {
              "num": 11,
              "description": [
                {
                  "id": "gi|965601945|dbj|AP015039.1|",
                  "accession": "AP015039",
                  "title": "Vigna angularis var. angularis DNA, chromosome 6, almost complete sequence, cultivar: Shumari",
                  "taxid": 157739,
                  "sciname": "Vigna angularis var. angularis"
                }
              ],
              "len": 38860970,
              "hsps": [
                {
                  "num": 1,
                  "bit_score": 37.3537,
                  "score": 40,
                  "evalue": 4.50935,
                  "identity": 23,
                  "query_from": 2,
                  "query_to": 26,
                  "query_strand": "Plus",
                  "hit_from": 31257846,
                  "hit_to": 31257870,
                  "hit_strand": "Plus",
                  "align_len": 25,
                  "gaps": 0,
                  "qseq": "ATATTGTCCTGTATTTTACAACAGA",
                  "hseq": "ATGTTGTCCTGTATTGTACAACAGA",
                  "midline": "|| |||||||||||| |||||||||"
                }
              ]
            },
            {
              "num": 12,
              "description": [
                {
                  "id": "gi|147863586|emb|AM485330.2|",
                  "accession": "AM485330",
                  "title": "Vitis vinifera contig VV78X245860.10, whole genome shotgun sequence",
                  "taxid": 29760,
                  "sciname": "Vitis vinifera"
                }
              ],
              "len": 32159,
              "hsps": [
                {
                  "num": 1,
                  "bit_score": 37.3537,
                  "score": 40,
                  "evalue": 4.50935,
                  "identity": 20,
                  "query_from": 5,
                  "query_to": 24,
                  "query_strand": "Plus",
                  "hit_from": 31482,
                  "hit_to": 31463,
                  "hit_strand": "Minus",
                  "align_len": 20,
                  "gaps": 0,
                  "qseq": "TTGTCCTGTATTTTACAACA",
                  "hseq": "TTGTCCTGTATTTTACAACA",
                  "midline": "||||||||||||||||||||"
                }
              ]
            },
            {
              "num": 13,
              "description": [
                {
                  "id": "gi|147843298|emb|AM439102.2|",
                  "accession": "AM439102",
                  "title": "Vitis vinifera contig VV78X190052.11, whole genome shotgun sequence",
                  "taxid": 29760,
                  "sciname": "Vitis vinifera"
                }
              ],
              "len": 14212,
              "hsps": [
                {
                  "num": 1,
                  "bit_score": 37.3537,
                  "score": 40,
                  "evalue": 4.50935,
                  "identity": 20,
                  "query_from": 5,
                  "query_to": 24,
                  "query_strand": "Plus",
                  "hit_from": 8601,
                  "hit_to": 8620,
                  "hit_strand": "Plus",
                  "align_len": 20,
                  "gaps": 0,
                  "qseq": "TTGTCCTGTATTTTACAACA",
                  "hseq": "TTGTCCTGTATTTTACAACA",
                  "midline": "||||||||||||||||||||"
                }
              ]
            },
            {
              "num": 14,
              "description": [
                {
                  "id": "gi|123657694|emb|AM448911.1|",
                  "accession": "AM448911",
                  "title": "Vitis vinifera contig VV78X044798.5, whole genome shotgun sequence",
                  "taxid": 29760,
                  "sciname": "Vitis vinifera"
                }
              ],
              "len": 2701,
              "hsps": [
                {
                  "num": 1,
                  "bit_score": 37.3537,
                  "score": 40,
                  "evalue": 4.50935,
                  "identity": 20,
                  "query_from": 5,
                  "query_to": 24,
                  "query_strand": "Plus",
                  "hit_from": 2133,
                  "hit_to": 2152,
                  "hit_strand": "Plus",
                  "align_len": 20,
                  "gaps": 0,
                  "qseq": "TTGTCCTGTATTTTACAACA",
                  "hseq": "TTGTCCTGTATTTTACAACA",
                  "midline": "||||||||||||||||||||"
                }
              ]
            },
            {
              "num": 15,
              "description": [
                {
                  "id": "gi|83715915|emb|CR392005.15|",
                  "accession": "CR392005",
                  "title": "Zebrafish DNA sequence from clone DKEY-254K18 in linkage group 5, complete sequence",
                  "taxid": 7955,
                  "sciname": "Danio rerio"
                }
              ],
              "len": 55105,
              "hsps": [
                {
                  "num": 1,
                  "bit_score": 37.3537,
                  "score": 40,
                  "evalue": 4.50935,
                  "identity": 20,
                  "query_from": 8,
                  "query_to": 27,
                  "query_strand": "Plus",
                  "hit_from": 33627,
                  "hit_to": 33646,
                  "hit_strand": "Plus",
                  "align_len": 20,
                  "gaps": 0,
                  "qseq": "TCCTGTATTTTACAACAGAA",
                  "hseq": "TCCTGTATTTTACAACAGAA",
                  "midline": "||||||||||||||||||||"
                }
              ]
            }
          ],
          "stat": {
            "db_num": 56611368,
            "db_len": 265677968464,
            "hsp_len": 0,
            "eff_space": 0,
            "kappa": 0.41,
            "lambda": 0.625,
            "entropy": 0.78
          }
        }
      }
    }
  }
}
