{
  "BlastOutput2": {
    "report": {
      "program": "blastn",
      "version": "BLASTN 2.10.0+",
      "reference": "Stephen F. Altschul, Thomas L. Madden, Alejandro A. Sch&auml;ffer, Jinghui Zhang, Zheng Zhang, Webb Miller, and David J. Lipman (1997), \"Gapped BLAST and PSI-BLAST: a new generation of protein database search programs\", Nucleic Acids Res. 25:3389-3402.",
      "search_target": {
        "db": "nt_v5"
      },
      "params": {
        "expect": 10,
        "sc_match": 2,
        "sc_mismatch": -3,
        "gap_open": 5,
        "gap_extend": 2,
        "filter": "L;m;"
      },
      "results": {
        "search": {
          "query_id": "Query_12531",
          "query_title": "Insertion Seq 149",
          "query_len": 51,
          "hits": [
            {
              "num": 1,
              "description": [
                {
                  "id": "gi|1308488032|ref|XR_002747281.1|",
                  "accession": "XR_002747281",
                  "title": "PREDICTED: Amphiprion ocellaris RNA binding protein fox-1 homolog 2-like (LOC111581799), transcript variant X4, misc_RNA",
                  "taxid": 80972,
                  "sciname": "Amphiprion ocellaris"
                }
              ],
              "len": 2137,
              "hsps": [
                {
                  "num": 1,
                  "bit_score": 42.7638,
                  "score": 46,
                  "evalue": 0.10605,
                  "identity": 26,
                  "query_from": 13,
                  "query_to": 40,
                  "query_strand": "Plus",
                  "hit_from": 315,
                  "hit_to": 288,
                  "hit_strand": "Minus",
                  "align_len": 28,
                  "gaps": 0,
                  "qseq": "GCTCCCGCAACTTCAAGACGAAAAACCC",
                  "hseq": "GCTGCCGCAACCTCAAGACGAAAAACCC",
                  "midline": "||| ||||||| ||||||||||||||||"
                }
              ]
            },
            {
              "num": 2,
              "description": [
                {
                  "id": "gi|1308488023|ref|XM_023290140.1|",
                  "accession": "XM_023290140",
                  "title": "PREDICTED: Amphiprion ocellaris RNA binding protein fox-1 homolog 2-like (LOC111581799), transcript variant X3, mRNA",
                  "taxid": 80972,
                  "sciname": "Amphiprion ocellaris"
                }
              ],
              "len": 2392,
              "hsps": [
                {
                  "num": 1,
                  "bit_score": 42.7638,
                  "score": 46,
                  "evalue": 0.10605,
                  "identity": 26,
                  "query_from": 13,
                  "query_to": 40,
                  "query_strand": "Plus",
                  "hit_from": 315,
                  "hit_to": 288,
                  "hit_strand": "Minus",
                  "align_len": 28,
                  "gaps": 0,
                  "qseq": "GCTCCCGCAACTTCAAGACGAAAAACCC",
                  "hseq": "GCTGCCGCAACCTCAAGACGAAAAACCC",
                  "midline": "||| ||||||| ||||||||||||||||"
                }
              ]
            },
            {
              "num": 3,
              "description": [
                {
                  "id": "gi|1308488010|ref|XM_023290139.1|",
                  "accession": "XM_023290139",
                  "title": "PREDICTED: Amphiprion ocellaris RNA binding protein fox-1 homolog 2-like (LOC111581799), transcript variant X2, mRNA",
                  "taxid": 80972,
                  "sciname": "Amphiprion ocellaris"
                }
              ],
              "len": 2398,
              "hsps": [
                {
                  "num": 1,
                  "bit_score": 42.7638,
                  "score": 46,
                  "evalue": 0.10605,
                  "identity": 26,
                  "query_from": 13,
                  "query_to": 40,
                  "query_strand": "Plus",
                  "hit_from": 315,
                  "hit_to": 288,
                  "hit_strand": "Minus",
                  "align_len": 28,
                  "gaps": 0,
                  "qseq": "GCTCCCGCAACTTCAAGACGAAAAACCC",
                  "hseq": "GCTGCCGCAACCTCAAGACGAAAAACCC",
                  "midline": "||| ||||||| ||||||||||||||||"
                }
              ]
            },
            {
              "num": 4,
              "description": [
                {
                  "id": "gi|1308488000|ref|XM_023290138.1|",
                  "accession": "XM_023290138",
                  "title": "PREDICTED: Amphiprion ocellaris RNA binding protein fox-1 homolog 2-like (LOC111581799), transcript variant X1, mRNA",
                  "taxid": 80972,
                  "sciname": "Amphiprion ocellaris"
                }
              ],
              "len": 2401,
              "hsps": [
                {
                  "num": 1,
                  "bit_score": 42.7638,
                  "score": 46,
                  "evalue": 0.10605,
                  "identity": 26,
                  "query_from": 13,
                  "query_to": 40,
                  "query_strand": "Plus",
                  "hit_from": 315,
                  "hit_to": 288,
                  "hit_strand": "Minus",
                  "align_len": 28,
                  "gaps": 0,
                  "qseq": "GCTCCCGCAACTTCAAGACGAAAAACCC",
                  "hseq": "GCTGCCGCAACCTCAAGACGAAAAACCC",
                  "midline": "||| ||||||| ||||||||||||||||"
                }
              ]
            },
            {
              "num": 5,
              "description": [
                {
                  "id": "gi|1229009642|ref|XM_022214336.1|",
                  "accession": "XM_022214336",
                  "title": "PREDICTED: Acanthochromis polyacanthus RNA binding protein fox-1 homolog 2-like (LOC110965336), transcript variant X3, mRNA",
                  "taxid": 80966,
                  "sciname": "Acanthochromis polyacanthus"
                }
              ],
              "len": 2177,
              "hsps": [
                {
                  "num": 1,
                  "bit_score": 42.7638,
                  "score": 46,
                  "evalue": 0.10605,
                  "identity": 26,
                  "query_from": 13,
                  "query_to": 40,
                  "query_strand": "Plus",
                  "hit_from": 392,
                  "hit_to": 365,
                  "hit_strand": "Minus",
                  "align_len": 28,
                  "gaps": 0,
                  "qseq": "GCTCCCGCAACTTCAAGACGAAAAACCC",
                  "hseq": "GCTGCCGCAACCTCAAGACGAAAAACCC",
                  "midline": "||| ||||||| ||||||||||||||||"
                }
              ]
            },
            {
              "num": 6,
              "description": [
                {
                  "id": "gi|1229009640|ref|XM_022214335.1|",
                  "accession": "XM_022214335",
                  "title": "PREDICTED: Acanthochromis polyacanthus RNA binding protein fox-1 homolog 2-like (LOC110965336), transcript variant X2, mRNA",
                  "taxid": 80966,
                  "sciname": "Acanthochromis polyacanthus"
                }
              ],
              "len": 2474,
              "hsps": [
                {
                  "num": 1,
                  "bit_score": 42.7638,
                  "score": 46,
                  "evalue": 0.10605,
                  "identity": 26,
                  "query_from": 13,
                  "query_to": 40,
                  "query_strand": "Plus",
                  "hit_from": 374,
                  "hit_to": 347,
                  "hit_strand": "Minus",
                  "align_len": 28,
                  "gaps": 0,
                  "qseq": "GCTCCCGCAACTTCAAGACGAAAAACCC",
                  "hseq": "GCTGCCGCAACCTCAAGACGAAAAACCC",
                  "midline": "||| ||||||| ||||||||||||||||"
                }
              ]
            },
            {
              "num": 7,
              "description": [
                {
                  "id": "gi|1229009638|ref|XM_022214333.1|",
                  "accession": "XM_022214333",
                  "title": "PREDICTED: Acanthochromis polyacanthus RNA binding protein fox-1 homolog 2-like (LOC110965336), transcript variant X1, mRNA",
                  "taxid": 80966,
                  "sciname": "Acanthochromis polyacanthus"
                }
              ],
              "len": 2476,
              "hsps": [
                {
                  "num": 1,
                  "bit_score": 42.7638,
                  "score": 46,
                  "evalue": 0.10605,
                  "identity": 26,
                  "query_from": 13,
                  "query_to": 40,
                  "query_strand": "Plus",
                  "hit_from": 373,
                  "hit_to": 346,
                  "hit_strand": "Minus",
                  "align_len": 28,
                  "gaps": 0,
                  "qseq": "GCTCCCGCAACTTCAAGACGAAAAACCC",
                  "hseq": "GCTGCCGCAACCTCAAGACGAAAAACCC",
                  "midline": "||| ||||||| ||||||||||||||||"
                }
              ]
            },
            {
              "num": 8,
              "description": [
                {
                  "id": "gi|657524007|ref|XM_008277417.1|",
                  "accession": "XM_008277417",
                  "title": "PREDICTED: Stegastes partitus RNA binding protein fox-1 homolog 2-like (LOC103354120), transcript variant X4, mRNA",
                  "taxid": 144197,
                  "sciname": "Stegastes partitus"
                }
              ],
              "len": 2138,
              "hsps": [
                {
                  "num": 1,
                  "bit_score": 42.7638,
                  "score": 46,
                  "evalue": 0.10605,
                  "identity": 26,
                  "query_from": 13,
                  "query_to": 40,
                  "query_strand": "Plus",
                  "hit_from": 352,
                  "hit_to": 325,
                  "hit_strand": "Minus",
                  "align_len": 28,
                  "gaps": 0,
                  "qseq": "GCTCCCGCAACTTCAAGACGAAAAACCC",
                  "hseq": "GCTGCCGCAACCTCAAGACGAAAAACCC",
                  "midline": "||| ||||||| ||||||||||||||||"
                }
              ]
            },
            {
              "num": 9,
              "description": [
                {
                  "id": "gi|657524005|ref|XM_008277412.1|",
                  "accession": "XM_008277412",
                  "title": "PREDICTED: Stegastes partitus RNA binding protein fox-1 homolog 2-like (LOC103354120), transcript variant X3, mRNA",
                  "taxid": 144197,
                  "sciname": "Stegastes partitus"
                }
              ],
              "len": 3788,
              "hsps": [
                {
                  "num": 1,
                  "bit_score": 42.7638,
                  "score": 46,
                  "evalue": 0.10605,
                  "identity": 26,
                  "query_from": 13,
                  "query_to": 40,
                  "query_strand": "Plus",
                  "hit_from": 352,
                  "hit_to": 325,
                  "hit_strand": "Minus",
                  "align_len": 28,
                  "gaps": 0,
                  "qseq": "GCTCCCGCAACTTCAAGACGAAAAACCC",
                  "hseq": "GCTGCCGCAACCTCAAGACGAAAAACCC",
                  "midline": "||| ||||||| ||||||||||||||||"
                }
              ]
            },
            {
              "num": 10,
              "description": [
                {
                  "id": "gi|657524003|ref|XM_008277404.1|",
                  "accession": "XM_008277404",
                  "title": "PREDICTED: Stegastes partitus RNA binding protein fox-1 homolog 2-like (LOC103354120), transcript variant X2, mRNA",
                  "taxid": 144197,
                  "sciname": "Stegastes partitus"
                }
              ],
              "len": 3794,
              "hsps": [
                {
                  "num": 1,
                  "bit_score": 42.7638,
                  "score": 46,
                  "evalue": 0.10605,
                  "identity": 26,
                  "query_from": 13,
                  "query_to": 40,
                  "query_strand": "Plus",
                  "hit_from": 352,
                  "hit_to": 325,
                  "hit_strand": "Minus",
                  "align_len": 28,
                  "gaps": 0,
                  "qseq": "GCTCCCGCAACTTCAAGACGAAAAACCC",
                  "hseq": "GCTGCCGCAACCTCAAGACGAAAAACCC",
                  "midline": "||| ||||||| ||||||||||||||||"
                }
              ]
            },
            {
              "num": 11,
              "description": [
                {
                  "id": "gi|657524001|ref|XM_008277395.1|",
                  "accession": "XM_008277395",
                  "title": "PREDICTED: Stegastes partitus RNA binding protein fox-1 homolog 2-like (LOC103354120), transcript variant X1, mRNA",
                  "taxid": 144197,
                  "sciname": "Stegastes partitus"
                }
              ],
              "len": 3797,
              "hsps": [
                {
                  "num": 1,
                  "bit_score": 42.7638,
                  "score": 46,
                  "evalue": 0.10605,
                  "identity": 26,
                  "query_from": 13,
                  "query_to": 40,
                  "query_strand": "Plus",
                  "hit_from": 352,
                  "hit_to": 325,
                  "hit_strand": "Minus",
                  "align_len": 28,
                  "gaps": 0,
                  "qseq": "GCTCCCGCAACTTCAAGACGAAAAACCC",
                  "hseq": "GCTGCCGCAACCTCAAGACGAAAAACCC",
                  "midline": "||| ||||||| ||||||||||||||||"
                }
              ]
            },
            {
              "num": 12,
              "description": [
                {
                  "id": "gi|1548969547|gb|CP021633.1|",
                  "accession": "CP021633",
                  "title": "Unidentified plasmid plasmid apr38_000029F, complete sequence",
                  "taxid": 45202,
                  "sciname": "unidentified plasmid"
                }
              ],
              "len": 617950,
              "hsps": [
                {
                  "num": 1,
                  "bit_score": 40.9604,
                  "score": 44,
                  "evalue": 0.37015,
                  "identity": 25,
                  "query_from": 1,
                  "query_to": 27,
                  "query_strand": "Plus",
                  "hit_from": 165157,
                  "hit_to": 165131,
                  "hit_strand": "Minus",
                  "align_len": 27,
                  "gaps": 0,
                  "qseq": "CGACAAAAATCTGCTCCCGCAACTTCA",
                  "hseq": "CGAAAAAAATCTGCTCCCGCAATTTCA",
                  "midline": "||| |||||||||||||||||| ||||"
                }
              ]
            },
            {
              "num": 13,
              "description": [
                {
                  "id": "gi|1343453186|gb|CP022026.1|",
                  "accession": "CP022026",
                  "title": "Alternaria solani isolate NL03003 chromosome 3, complete sequence",
                  "taxid": 48100,
                  "sciname": "Alternaria solani"
                }
              ],
              "len": 3306264,
              "hsps": [
                {
                  "num": 1,
                  "bit_score": 40.9604,
                  "score": 44,
                  "evalue": 0.37015,
                  "identity": 25,
                  "query_from": 13,
                  "query_to": 39,
                  "query_strand": "Plus",
                  "hit_from": 2746337,
                  "hit_to": 2746311,
                  "hit_strand": "Minus",
                  "align_len": 27,
                  "gaps": 0,
                  "qseq": "GCTCCCGCAACTTCAAGACGAAAAACC",
                  "hseq": "GCTACCGCAACTTCAAGACGCAAAACC",
                  "midline": "||| |||||||||||||||| ||||||"
                }
              ]
            },
            {
              "num": 14,
              "description": [
                {
                  "id": "gi|1317125959|ref|XM_023419181.1|",
                  "accession": "XM_023419181",
                  "title": "PREDICTED: Seriola lalandi dorsalis RNA binding protein fox-1 homolog 2-like (LOC111664540), transcript variant X4, mRNA",
                  "taxid": 1841481,
                  "sciname": "Seriola lalandi dorsalis"
                }
              ],
              "len": 2057,
              "hsps": [
                {
                  "num": 1,
                  "bit_score": 40.9604,
                  "score": 44,
                  "evalue": 0.37015,
                  "identity": 25,
                  "query_from": 14,
                  "query_to": 40,
                  "query_strand": "Plus",
                  "hit_from": 227,
                  "hit_to": 201,
                  "hit_strand": "Minus",
                  "align_len": 27,
                  "gaps": 0,
                  "qseq": "CTCCCGCAACTTCAAGACGAAAAACCC",
                  "hseq": "CTACCGCAACCTCAAGACGAAAAACCC",
                  "midline": "|| ||||||| ||||||||||||||||"
                }
              ]
            },
            {
              "num": 15,
              "description": [
                {
                  "id": "gi|1317125957|ref|XM_023419180.1|",
                  "accession": "XM_023419180",
                  "title": "PREDICTED: Seriola lalandi dorsalis RNA binding protein fox-1 homolog 2-like (LOC111664540), transcript variant X3, mRNA",
                  "taxid": 1841481,
                  "sciname": "Seriola lalandi dorsalis"
                }
              ],
              "len": 2064,
              "hsps": [
                {
                  "num": 1,
                  "bit_score": 40.9604,
                  "score": 44,
                  "evalue": 0.37015,
                  "identity": 25,
                  "query_from": 14,
                  "query_to": 40,
                  "query_strand": "Plus",
                  "hit_from": 227,
                  "hit_to": 201,
                  "hit_strand": "Minus",
                  "align_len": 27,
                  "gaps": 0,
                  "qseq": "CTCCCGCAACTTCAAGACGAAAAACCC",
                  "hseq": "CTACCGCAACCTCAAGACGAAAAACCC",
                  "midline": "|| ||||||| ||||||||||||||||"
                }
              ]
            },
            {
              "num": 16,
              "description": [
                {
                  "id": "gi|1317125955|ref|XM_023419179.1|",
                  "accession": "XM_023419179",
                  "title": "PREDICTED: Seriola lalandi dorsalis RNA binding protein fox-1 homolog 2-like (LOC111664540), transcript variant X2, mRNA",
                  "taxid": 1841481,
                  "sciname": "Seriola lalandi dorsalis"
                }
              ],
              "len": 2129,
              "hsps": [
                {
                  "num": 1,
                  "bit_score": 40.9604,
                  "score": 44,
                  "evalue": 0.37015,
                  "identity": 25,
                  "query_from": 14,
                  "query_to": 40,
                  "query_strand": "Plus",
                  "hit_from": 227,
                  "hit_to": 201,
                  "hit_strand": "Minus",
                  "align_len": 27,
                  "gaps": 0,
                  "qseq": "CTCCCGCAACTTCAAGACGAAAAACCC",
                  "hseq": "CTACCGCAACCTCAAGACGAAAAACCC",
                  "midline": "|| ||||||| ||||||||||||||||"
                }
              ]
            },
            {
              "num": 17,
              "description": [
                {
                  "id": "gi|1317125953|ref|XM_023419177.1|",
                  "accession": "XM_023419177",
                  "title": "PREDICTED: Seriola lalandi dorsalis RNA binding protein fox-1 homolog 2-like (LOC111664540), transcript variant X1, mRNA",
                  "taxid": 1841481,
                  "sciname": "Seriola lalandi dorsalis"
                }
              ],
              "len": 2138,
              "hsps": [
                {
                  "num": 1,
                  "bit_score": 40.9604,
                  "score": 44,
                  "evalue": 0.37015,
                  "identity": 25,
                  "query_from": 14,
                  "query_to": 40,
                  "query_strand": "Plus",
                  "hit_from": 227,
                  "hit_to": 201,
                  "hit_strand": "Minus",
                  "align_len": 27,
                  "gaps": 0,
                  "qseq": "CTCCCGCAACTTCAAGACGAAAAACCC",
                  "hseq": "CTACCGCAACCTCAAGACGAAAAACCC",
                  "midline": "|| ||||||| ||||||||||||||||"
                }
              ]
            },
            {
              "num": 18,
              "description": [
                {
                  "id": "gi|1250148732|ref|XM_022758612.1|",
                  "accession": "XM_022758612",
                  "title": "PREDICTED: Seriola dumerili RNA binding protein fox-1 homolog 2-like (LOC111231504), transcript variant X3, mRNA",
                  "taxid": 41447,
                  "sciname": "Seriola dumerili"
                }
              ],
              "len": 2004,
              "hsps": [
                {
                  "num": 1,
                  "bit_score": 40.9604,
                  "score": 44,
                  "evalue": 0.37015,
                  "identity": 25,
                  "query_from": 14,
                  "query_to": 40,
                  "query_strand": "Plus",
                  "hit_from": 184,
                  "hit_to": 158,
                  "hit_strand": "Minus",
                  "align_len": 27,
                  "gaps": 0,
                  "qseq": "CTCCCGCAACTTCAAGACGAAAAACCC",
                  "hseq": "CTACCGCAACCTCAAGACGAAAAACCC",
                  "midline": "|| ||||||| ||||||||||||||||"
                }
              ]
            },
            {
              "num": 19,
              "description": [
                {
                  "id": "gi|1250148730|ref|XM_022758611.1|",
                  "accession": "XM_022758611",
                  "title": "PREDICTED: Seriola dumerili RNA binding protein fox-1 homolog 2-like (LOC111231504), transcript variant X2, mRNA",
                  "taxid": 41447,
                  "sciname": "Seriola dumerili"
                }
              ],
              "len": 2370,
              "hsps": [
                {
                  "num": 1,
                  "bit_score": 40.9604,
                  "score": 44,
                  "evalue": 0.37015,
                  "identity": 25,
                  "query_from": 14,
                  "query_to": 40,
                  "query_strand": "Plus",
                  "hit_from": 184,
                  "hit_to": 158,
                  "hit_strand": "Minus",
                  "align_len": 27,
                  "gaps": 0,
                  "qseq": "CTCCCGCAACTTCAAGACGAAAAACCC",
                  "hseq": "CTACCGCAACCTCAAGACGAAAAACCC",
                  "midline": "|| ||||||| ||||||||||||||||"
                }
              ]
            },
            {
              "num": 20,
              "description": [
                {
                  "id": "gi|1250148728|ref|XM_022758610.1|",
                  "accession": "XM_022758610",
                  "title": "PREDICTED: Seriola dumerili RNA binding protein fox-1 homolog 2-like (LOC111231504), transcript variant X1, mRNA",
                  "taxid": 41447,
                  "sciname": "Seriola dumerili"
                }
              ],
              "len": 2379,
              "hsps": [
                {
                  "num": 1,
                  "bit_score": 40.9604,
                  "score": 44,
                  "evalue": 0.37015,
                  "identity": 25,
                  "query_from": 14,
                  "query_to": 40,
                  "query_strand": "Plus",
                  "hit_from": 184,
                  "hit_to": 158,
                  "hit_strand": "Minus",
                  "align_len": 27,
                  "gaps": 0,
                  "qseq": "CTCCCGCAACTTCAAGACGAAAAACCC",
                  "hseq": "CTACCGCAACCTCAAGACGAAAAACCC",
                  "midline": "|| ||||||| ||||||||||||||||"
                }
              ]
            },
            {
              "num": 21,
              "description": [
                {
                  "id": "gi|1723599608|emb|LR699160.1|",
                  "accession": "LR699160",
                  "title": "Geotrypetes seraphini genome assembly, chromosome: 15",
                  "taxid": 260995,
                  "sciname": "Geotrypetes seraphini"
                }
              ],
              "len": 72115941,
              "hsps": [
                {
                  "num": 1,
                  "bit_score": 40.0587,
                  "score": 43,
                  "evalue": 1.29195,
                  "identity": 29,
                  "query_from": 2,
                  "query_to": 35,
                  "query_strand": "Plus",
                  "hit_from": 57228980,
                  "hit_to": 57229013,
                  "hit_strand": "Plus",
                  "align_len": 34,
                  "gaps": 0,
                  "qseq": "GACAAAAATCTGCTCCCGCAACTTCAAGACGAAA",
                  "hseq": "GACCAAAATCTGCTCCGCCAAATCCAAGACGAAA",
                  "midline": "||| ||||||||||||  ||| | ||||||||||"
                }
              ]
            },
            {
              "num": 22,
              "description": [
                {
                  "id": "gi|1717782937|gb|CP042260.1|",
                  "accession": "CP042260",
                  "title": "Glutamicibacter halophytocola strain DR408 chromosome, complete genome",
                  "taxid": 1933880,
                  "sciname": "Glutamicibacter halophytocola"
                }
              ],
              "len": 3770186,
              "hsps": [
                {
                  "num": 1,
                  "bit_score": 40.0587,
                  "score": 43,
                  "evalue": 1.29195,
                  "identity": 26,
                  "query_from": 11,
                  "query_to": 39,
                  "query_strand": "Plus",
                  "hit_from": 1432102,
                  "hit_to": 1432074,
                  "hit_strand": "Minus",
                  "align_len": 29,
                  "gaps": 0,
                  "qseq": "CTGCTCCCGCAACTTCAAGACGAAAAACC",
                  "hseq": "CTGCTCCCGCAACTTCAAGGCCAGAAACC",
                  "midline": "||||||||||||||||||| | | |||||"
                }
              ]
            },
            {
              "num": 23,
              "description": [
                {
                  "id": "gi|1520554485|ref|XM_027163072.1|",
                  "accession": "XM_027163072",
                  "title": "PREDICTED: Tachysurus fulvidraco E3 ubiquitin-protein ligase rnf213-beta-like (LOC113653468), mRNA",
                  "taxid": 1234273,
                  "sciname": "Tachysurus fulvidraco"
                }
              ],
              "len": 16204,
              "hsps": [
                {
                  "num": 1,
                  "bit_score": 40.0587,
                  "score": 43,
                  "evalue": 1.29195,
                  "identity": 26,
                  "query_from": 23,
                  "query_to": 51,
                  "query_strand": "Plus",
                  "hit_from": 5339,
                  "hit_to": 5367,
                  "hit_strand": "Plus",
                  "align_len": 29,
                  "gaps": 0,
                  "qseq": "CTTCAAGACGAAAAACCCAATCTCATTCT",
                  "hseq": "CTTCAAGATGGAAAGCCCAATCTCATTCT",
                  "midline": "|||||||| | ||| ||||||||||||||"
                }
              ]
            },
            {
              "num": 24,
              "description": [
                {
                  "id": "gi|1503202961|ref|XM_026914591.1|",
                  "accession": "XM_026914591",
                  "title": "PREDICTED: Pangasianodon hypophthalmus E3 ubiquitin-protein ligase rnf213-beta-like (LOC113527086), mRNA",
                  "taxid": 310915,
                  "sciname": "Pangasianodon hypophthalmus"
                }
              ],
              "len": 12214,
              "hsps": [
                {
                  "num": 1,
                  "bit_score": 40.0587,
                  "score": 43,
                  "evalue": 1.29195,
                  "identity": 26,
                  "query_from": 23,
                  "query_to": 51,
                  "query_strand": "Plus",
                  "hit_from": 5327,
                  "hit_to": 5355,
                  "hit_strand": "Plus",
                  "align_len": 29,
                  "gaps": 0,
                  "qseq": "CTTCAAGACGAAAAACCCAATCTCATTCT",
                  "hseq": "CTTCAAGATGGAAAGCCCAATCTCATTCT",
                  "midline": "|||||||| | ||| ||||||||||||||"
                }
              ]
            },
            {
              "num": 25,
              "description": [
                {
                  "id": "gi|1539944830|emb|LR134344.1|",
                  "accession": "LR134344",
                  "title": "Bifidobacterium bifidum strain NCTC13001 genome assembly, chromosome: 1",
                  "taxid": 1681,
                  "sciname": "Bifidobacterium bifidum"
                }
              ],
              "len": 2211032,
              "hsps": [
                {
                  "num": 1,
                  "bit_score": 40.0587,
                  "score": 43,
                  "evalue": 1.29195,
                  "identity": 23,
                  "query_from": 6,
                  "query_to": 29,
                  "query_strand": "Plus",
                  "hit_from": 1561301,
                  "hit_to": 1561278,
                  "hit_strand": "Minus",
                  "align_len": 24,
                  "gaps": 0,
                  "qseq": "AAAATCTGCTCCCGCAACTTCAAG",
                  "hseq": "AAGATCTGCTCCCGCAACTTCAAG",
                  "midline": "|| |||||||||||||||||||||"
                }
              ]
            },
            {
              "num": 26,
              "description": [
                {
                  "id": "gi|1226096935|gb|CP022540.1|",
                  "accession": "CP022540",
                  "title": "Antarctobacter heliothermus strain SMS3, complete genome",
                  "taxid": 74033,
                  "sciname": "Antarctobacter heliothermus"
                }
              ],
              "len": 4723013,
              "hsps": [
                {
                  "num": 1,
                  "bit_score": 40.0587,
                  "score": 43,
                  "evalue": 1.29195,
                  "identity": 31,
                  "query_from": 1,
                  "query_to": 36,
                  "query_strand": "Plus",
                  "hit_from": 1303988,
                  "hit_to": 1304022,
                  "hit_strand": "Plus",
                  "align_len": 36,
                  "gaps": 1,
                  "qseq": "CGACAAAAATCTGCTCCCGCAACTTCAAGACGAAAA",
                  "hseq": "CGACAAAAATCTGCTCGCGCTACGTTAA-ACGAAAA",
                  "midline": "|||||||||||||||| ||| || | || |||||||"
                }
              ]
            },
            {
              "num": 27,
              "description": [
                {
                  "id": "gi|1217032271|ref|XM_021800325.1|",
                  "accession": "XM_021800325",
                  "title": "PREDICTED: Hevea brasiliensis AT-hook motif nuclear-localized protein 15-like (LOC110646781), mRNA",
                  "taxid": 3981,
                  "sciname": "Hevea brasiliensis"
                }
              ],
              "len": 1821,
              "hsps": [
                {
                  "num": 1,
                  "bit_score": 40.0587,
                  "score": 43,
                  "evalue": 1.29195,
                  "identity": 32,
                  "query_from": 5,
                  "query_to": 43,
                  "query_strand": "Plus",
                  "hit_from": 160,
                  "hit_to": 122,
                  "hit_strand": "Minus",
                  "align_len": 39,
                  "gaps": 0,
                  "qseq": "AAAAATCTGCTCCCGCAACTTCAAGACGAAAAACCCAAT",
                  "hseq": "AAAAATCAGATCCGGCAACTTAAACAACAAAAACCCAAT",
                  "midline": "||||||| | ||| ||||||| || |  |||||||||||"
                }
              ]
            },
            {
              "num": 28,
              "description": [
                {
                  "id": "gi|1009589917|ref|XM_016068610.1|",
                  "accession": "XM_016068610",
                  "title": "PREDICTED: Parasteatoda tepidariorum integral membrane protein GPR155 (LOC107452253), mRNA",
                  "taxid": 114398,
                  "sciname": "Parasteatoda tepidariorum"
                }
              ],
              "len": 2791,
              "hsps": [
                {
                  "num": 1,
                  "bit_score": 40.0587,
                  "score": 43,
                  "evalue": 1.29195,
                  "identity": 28,
                  "query_from": 20,
                  "query_to": 49,
                  "query_strand": "Plus",
                  "hit_from": 721,
                  "hit_to": 691,
                  "hit_strand": "Minus",
                  "align_len": 31,
                  "gaps": 1,
                  "qseq": "CAACTTCAAGAC-GAAAAACCCAATCTCATT",
                  "hseq": "CAACTTCAAGAAAGAAAAACCCAATCCCATT",
                  "midline": "|||||||||||  ||||||||||||| ||||"
                }
              ]
            },
            {
              "num": 29,
              "description": [
                {
                  "id": "gi|930824845|gb|CP012750.1|",
                  "accession": "CP012750",
                  "title": "Glutamicibacter halophytocola strain KLBMP 5180 chromosome, complete genome",
                  "taxid": 1933880,
                  "sciname": "Glutamicibacter halophytocola"
                }
              ],
              "len": 3911798,
              "hsps": [
                {
                  "num": 1,
                  "bit_score": 40.0587,
                  "score": 43,
                  "evalue": 1.29195,
                  "identity": 26,
                  "query_from": 11,
                  "query_to": 39,
                  "query_strand": "Plus",
                  "hit_from": 2783485,
                  "hit_to": 2783457,
                  "hit_strand": "Minus",
                  "align_len": 29,
                  "gaps": 0,
                  "qseq": "CTGCTCCCGCAACTTCAAGACGAAAAACC",
                  "hseq": "CTGCTCCCGCAACTTCAAGGCCAGAAACC",
                  "midline": "||||||||||||||||||| | | |||||"
                }
              ]
            },
            {
              "num": 30,
              "description": [
                {
                  "id": "gi|781872459|dbj|AP012323.1|",
                  "accession": "AP012323",
                  "title": "Bifidobacterium bifidum ATCC 29521 = JCM 1255 = DSM 20456 DNA, complete genome",
                  "taxid": 500634,
                  "sciname": "Bifidobacterium bifidum ATCC 29521 = JCM 1255 = DSM 20456"
                }
              ],
              "len": 2211039,
              "hsps": [
                {
                  "num": 1,
                  "bit_score": 40.0587,
                  "score": 43,
                  "evalue": 1.29195,
                  "identity": 23,
                  "query_from": 6,
                  "query_to": 29,
                  "query_strand": "Plus",
                  "hit_from": 1112197,
                  "hit_to": 1112220,
                  "hit_strand": "Plus",
                  "align_len": 24,
                  "gaps": 0,
                  "qseq": "AAAATCTGCTCCCGCAACTTCAAG",
                  "hseq": "AAGATCTGCTCCCGCAACTTCAAG",
                  "midline": "|| |||||||||||||||||||||"
                }
              ]
            },
            {
              "num": 31,
              "description": [
                {
                  "id": "gi|635300599|gb|CP007656.1|",
                  "accession": "CP007656",
                  "title": "Bdellovibrio bacteriovorus strain 109J, complete genome",
                  "taxid": 959,
                  "sciname": "Bdellovibrio bacteriovorus"
                }
              ],
              "len": 3830427,
              "hsps": [
                {
                  "num": 1,
                  "bit_score": 40.0587,
                  "score": 43,
                  "evalue": 1.29195,
                  "identity": 26,
                  "query_from": 2,
                  "query_to": 30,
                  "query_strand": "Plus",
                  "hit_from": 145814,
                  "hit_to": 145842,
                  "hit_strand": "Plus",
                  "align_len": 29,
                  "gaps": 0,
                  "qseq": "GACAAAAATCTGCTCCCGCAACTTCAAGA",
                  "hseq": "GACAAAAATCTGCTGCCGCAAATTGAAGA",
                  "midline": "|||||||||||||| |||||| || ||||"
                }
              ]
            },
            {
              "num": 32,
              "description": [
                {
                  "id": "gi|332330813|gb|CP002691.1|",
                  "accession": "CP002691",
                  "title": "Haliscomenobacter hydrossis DSM 1100 chromosome, complete genome",
                  "taxid": 760192,
                  "sciname": "Haliscomenobacter hydrossis DSM 1100"
                }
              ],
              "len": 8371686,
              "hsps": [
                {
                  "num": 1,
                  "bit_score": 40.0587,
                  "score": 43,
                  "evalue": 1.29195,
                  "identity": 26,
                  "query_from": 11,
                  "query_to": 39,
                  "query_strand": "Plus",
                  "hit_from": 1525063,
                  "hit_to": 1525091,
                  "hit_strand": "Plus",
                  "align_len": 29,
                  "gaps": 0,
                  "qseq": "CTGCTCCCGCAACTTCAAGACGAAAAACC",
                  "hseq": "CTGCCCCCGGAACTTCAAGACGAAAATCC",
                  "midline": "|||| |||| |||||||||||||||| ||"
                }
              ]
            },
            {
              "num": 33,
              "description": [
                {
                  "id": "gi|78271652|emb|CR933559.5|",
                  "accession": "CR933559",
                  "title": "Zebrafish DNA sequence from clone DKEY-51M8 in linkage group 11, complete sequence",
                  "taxid": 7955,
                  "sciname": "Danio rerio"
                }
              ],
              "len": 119833,
              "hsps": [
                {
                  "num": 1,
                  "bit_score": 40.0587,
                  "score": 43,
                  "evalue": 1.29195,
                  "identity": 29,
                  "query_from": 3,
                  "query_to": 36,
                  "query_strand": "Plus",
                  "hit_from": 72978,
                  "hit_to": 72945,
                  "hit_strand": "Minus",
                  "align_len": 34,
                  "gaps": 0,
                  "qseq": "ACAAAAATCTGCTCCCGCAACTTCAAGACGAAAA",
                  "hseq": "ACAAAAAAAGGCTCCTGCAACTTCAAGAAGAAAA",
                  "midline": "|||||||   ||||| |||||||||||| |||||"
                }
              ]
            },
            {
              "num": 34,
              "description": [
                {
                  "id": "gi|39576487|emb|BX842654.1|",
                  "accession": "BX842654",
                  "title": "Bdellovibrio bacteriovorus complete genome, strain HD100; segment 9/11",
                  "taxid": 264462,
                  "sciname": "Bdellovibrio bacteriovorus HD100"
                }
              ],
              "len": 344249,
              "hsps": [
                {
                  "num": 1,
                  "bit_score": 40.0587,
                  "score": 43,
                  "evalue": 1.29195,
                  "identity": 26,
                  "query_from": 2,
                  "query_to": 30,
                  "query_strand": "Plus",
                  "hit_from": 207166,
                  "hit_to": 207194,
                  "hit_strand": "Plus",
                  "align_len": 29,
                  "gaps": 0,
                  "qseq": "GACAAAAATCTGCTCCCGCAACTTCAAGA",
                  "hseq": "GACAAAAATCTGCTGCCGCAAATTGAAGA",
                  "midline": "|||||||||||||| |||||| || ||||"
                }
              ]
            },
            {
              "num": 35,
              "description": [
                {
                  "id": "gi|1677634127|gb|CP032559.1|",
                  "accession": "CP032559",
                  "title": "Gossypium raimondii isolate D5-4 chromosome D5_07",
                  "taxid": 29730,
                  "sciname": "Gossypium raimondii"
                }
              ],
              "len": 51495894,
              "hsps": [
                {
                  "num": 1,
                  "bit_score": 39.157,
                  "score": 42,
                  "evalue": 1.29195,
                  "identity": 32,
                  "query_from": 10,
                  "query_to": 43,
                  "query_strand": "Plus",
                  "hit_from": 22506571,
                  "hit_to": 22506607,
                  "hit_strand": "Plus",
                  "align_len": 37,
                  "gaps": 3,
                  "qseq": "TCTGCTCCC--GCAACTTCAAGACGA-AAAACCCAAT",
                  "hseq": "TCTGCTCCGCTGCAACTTCAAGAAGATAAAACCCAAT",
                  "midline": "||||||||   |||||||||||| || ||||||||||"
                }
              ]
            },
            {
              "num": 36,
              "description": [
                {
                  "id": "gi|1477771522|gb|CP025649.1|",
                  "accession": "CP025649",
                  "title": "Ipomoea trifida cultivar NCNSP0306 chromosome 6",
                  "taxid": 35884,
                  "sciname": "Ipomoea trifida"
                }
              ],
              "len": 26089173,
              "hsps": [
                {
                  "num": 1,
                  "bit_score": 39.157,
                  "score": 42,
                  "evalue": 1.29195,
                  "identity": 26,
                  "query_from": 21,
                  "query_to": 48,
                  "query_strand": "Plus",
                  "hit_from": 25592354,
                  "hit_to": 25592328,
                  "hit_strand": "Minus",
                  "align_len": 28,
                  "gaps": 1,
                  "qseq": "AACTTCAAGACGAAAAACCCAATCTCAT",
                  "hseq": "AACTTCAAGAC-AAAAACCCAACCTCAT",
                  "midline": "||||||||||| |||||||||| |||||"
                }
              ]
            },
            {
              "num": 37,
              "description": [
                {
                  "id": "gi|1472911717|ref|XM_022731533.2|",
                  "accession": "XM_022731533",
                  "title": "PREDICTED: Cyclospora cayetanensis ATP-citrate synthase (LOC34618196), mRNA",
                  "taxid": 88456,
                  "sciname": "Cyclospora cayetanensis"
                }
              ],
              "len": 5532,
              "hsps": [
                {
                  "num": 1,
                  "bit_score": 39.157,
                  "score": 42,
                  "evalue": 1.29195,
                  "identity": 29,
                  "query_from": 8,
                  "query_to": 39,
                  "query_strand": "Plus",
                  "hit_from": 1443,
                  "hit_to": 1475,
                  "hit_strand": "Plus",
                  "align_len": 33,
                  "gaps": 1,
                  "qseq": "AATCTGCTCCCGCAACTTCAAGA-CGAAAAACC",
                  "hseq": "AATCTGCACCCGCAACTTCACGAGCGCAAAACC",
                  "midline": "||||||| |||||||||||| || || ||||||"
                }
              ]
            },
            {
              "num": 38,
              "description": [
                {
                  "id": "gi|969856971|gb|CP011914.1|",
                  "accession": "CP011914",
                  "title": "Eubacterium limosum strain SA11, complete genome",
                  "taxid": 1736,
                  "sciname": "Eubacterium limosum"
                }
              ],
              "len": 4150332,
              "hsps": [
                {
                  "num": 1,
                  "bit_score": 39.157,
                  "score": 42,
                  "evalue": 1.29195,
                  "identity": 21,
                  "query_from": 8,
                  "query_to": 28,
                  "query_strand": "Plus",
                  "hit_from": 4072260,
                  "hit_to": 4072280,
                  "hit_strand": "Plus",
                  "align_len": 21,
                  "gaps": 0,
                  "qseq": "AATCTGCTCCCGCAACTTCAA",
                  "hseq": "AATCTGCTCCCGCAACTTCAA",
                  "midline": "|||||||||||||||||||||"
                }
              ]
            }
          ],
          "stat": {
            "db_num": 56611368,
            "db_len": 265677968464,
            "hsp_len": 0,
            "eff_space": 0,
            "kappa": 0.41,
            "lambda": 0.625,
            "entropy": 0.78
          }
        }
      }
    }
  }
}
