{
  "BlastOutput2": {
    "report": {
      "program": "blastn",
      "version": "BLASTN 2.10.0+",
      "reference": "Stephen F. Altschul, Thomas L. Madden, Alejandro A. Sch&auml;ffer, Jinghui Zhang, Zheng Zhang, Webb Miller, and David J. Lipman (1997), \"Gapped BLAST and PSI-BLAST: a new generation of protein database search programs\", Nucleic Acids Res. 25:3389-3402.",
      "search_target": {
        "db": "nt_v5"
      },
      "params": {
        "expect": 10,
        "sc_match": 2,
        "sc_mismatch": -3,
        "gap_open": 5,
        "gap_extend": 2,
        "filter": "L;m;"
      },
      "results": {
        "search": {
          "query_id": "Query_12470",
          "query_title": "Insertion Seq 88",
          "query_len": 42,
          "hits": [
            {
              "num": 1,
              "description": [
                {
                  "id": "gi|1811248731|dbj|AP022685.1|",
                  "accession": "AP022685",
                  "title": "Epinephelus fuscoguttatus DNA, LG11, complete sequence",
                  "taxid": 293821,
                  "sciname": "Epinephelus fuscoguttatus"
                }
              ],
              "len": 44419306,
              "hsps": [
                {
                  "num": 1,
                  "bit_score": 42.7638,
                  "score": 46,
                  "evalue": 0.10605,
                  "identity": 26,
                  "query_from": 6,
                  "query_to": 33,
                  "query_strand": "Plus",
                  "hit_from": 8260661,
                  "hit_to": 8260634,
                  "hit_strand": "Minus",
                  "align_len": 28,
                  "gaps": 0,
                  "qseq": "TGATGGTGAAGTTAATAAACCTGTTAAT",
                  "hseq": "TGACGATGAAGTTAATAAACCTGTTAAT",
                  "midline": "||| | ||||||||||||||||||||||"
                }
              ]
            },
            {
              "num": 2,
              "description": [
                {
                  "id": "gi|575453416|gb|CP006956.1|",
                  "accession": "CP006956",
                  "title": "Bibersteinia trehalosi USDA-ARS-USMARC-190, complete genome",
                  "taxid": 1263832,
                  "sciname": "Bibersteinia trehalosi USDA-ARS-USMARC-190"
                }
              ],
              "len": 2443169,
              "hsps": [
                {
                  "num": 1,
                  "bit_score": 41.8621,
                  "score": 45,
                  "evalue": 0.37015,
                  "identity": 27,
                  "query_from": 5,
                  "query_to": 34,
                  "query_strand": "Plus",
                  "hit_from": 1994569,
                  "hit_to": 1994598,
                  "hit_strand": "Plus",
                  "align_len": 30,
                  "gaps": 0,
                  "qseq": "CTGATGGTGAAGTTAATAAACCTGTTAATT",
                  "hseq": "CTCATGGTGAAGTTGATACACCTGTTAATT",
                  "midline": "|| ||||||||||| ||| |||||||||||"
                }
              ]
            },
            {
              "num": 3,
              "description": [
                {
                  "id": "gi|575450852|gb|CP006955.1|",
                  "accession": "CP006955",
                  "title": "Bibersteinia trehalosi USDA-ARS-USMARC-189, complete genome",
                  "taxid": 1263831,
                  "sciname": "Bibersteinia trehalosi USDA-ARS-USMARC-189"
                }
              ],
              "len": 2454127,
              "hsps": [
                {
                  "num": 1,
                  "bit_score": 41.8621,
                  "score": 45,
                  "evalue": 0.37015,
                  "identity": 27,
                  "query_from": 5,
                  "query_to": 34,
                  "query_strand": "Plus",
                  "hit_from": 437460,
                  "hit_to": 437431,
                  "hit_strand": "Minus",
                  "align_len": 30,
                  "gaps": 0,
                  "qseq": "CTGATGGTGAAGTTAATAAACCTGTTAATT",
                  "hseq": "CTCATGGTGAAGTTGATACACCTGTTAATT",
                  "midline": "|| ||||||||||| ||| |||||||||||"
                }
              ]
            },
            {
              "num": 4,
              "description": [
                {
                  "id": "gi|575448678|gb|CP006954.1|",
                  "accession": "CP006954",
                  "title": "Bibersteinia trehalosi USDA-ARS-USMARC-188, complete genome",
                  "taxid": 1263829,
                  "sciname": "Bibersteinia trehalosi USDA-ARS-USMARC-188"
                }
              ],
              "len": 2340975,
              "hsps": [
                {
                  "num": 1,
                  "bit_score": 41.8621,
                  "score": 45,
                  "evalue": 0.37015,
                  "identity": 27,
                  "query_from": 5,
                  "query_to": 34,
                  "query_strand": "Plus",
                  "hit_from": 392635,
                  "hit_to": 392606,
                  "hit_strand": "Minus",
                  "align_len": 30,
                  "gaps": 0,
                  "qseq": "CTGATGGTGAAGTTAATAAACCTGTTAATT",
                  "hseq": "CTCATGGTGAAGTTGATACACCTGTTAATT",
                  "midline": "|| ||||||||||| ||| |||||||||||"
                }
              ]
            },
            {
              "num": 5,
              "description": [
                {
                  "id": "gi|469487914|gb|CP003745.1|",
                  "accession": "CP003745",
                  "title": "Bibersteinia trehalosi USDA-ARS-USMARC-192, complete genome",
                  "taxid": 1171377,
                  "sciname": "Bibersteinia trehalosi USDA-ARS-USMARC-192"
                }
              ],
              "len": 2407846,
              "hsps": [
                {
                  "num": 1,
                  "bit_score": 41.8621,
                  "score": 45,
                  "evalue": 0.37015,
                  "identity": 27,
                  "query_from": 5,
                  "query_to": 34,
                  "query_strand": "Plus",
                  "hit_from": 2015991,
                  "hit_to": 2016020,
                  "hit_strand": "Plus",
                  "align_len": 30,
                  "gaps": 0,
                  "qseq": "CTGATGGTGAAGTTAATAAACCTGTTAATT",
                  "hseq": "CTCATGGTGAAGTTGATACACCTGTTAATT",
                  "midline": "|| ||||||||||| ||| |||||||||||"
                }
              ]
            },
            {
              "num": 6,
              "description": [
                {
                  "id": "gi|1591613396|emb|LR535816.1|",
                  "accession": "LR535816",
                  "title": "Denticeps clupeoides genome assembly, chromosome: 4",
                  "taxid": 299321,
                  "sciname": "Denticeps clupeoides"
                }
              ],
              "len": 35364899,
              "hsps": [
                {
                  "num": 1,
                  "bit_score": 40.9604,
                  "score": 44,
                  "evalue": 0.37015,
                  "identity": 25,
                  "query_from": 7,
                  "query_to": 33,
                  "query_strand": "Plus",
                  "hit_from": 7265976,
                  "hit_to": 7265950,
                  "hit_strand": "Minus",
                  "align_len": 27,
                  "gaps": 0,
                  "qseq": "GATGGTGAAGTTAATAAACCTGTTAAT",
                  "hseq": "GATGGTGAAGTTAATAAGACTGTTAAT",
                  "midline": "|||||||||||||||||  ||||||||"
                }
              ]
            },
            {
              "num": 7,
              "description": [
                {
                  "id": "gi|1242836649|ref|XM_022443727.1|",
                  "accession": "XM_022443727",
                  "title": "PREDICTED: Crassostrea virginica IQ motif and SEC7 domain-containing protein 2-like (LOC111108124), transcript variant X15, mRNA",
                  "taxid": 6565,
                  "sciname": "Crassostrea virginica"
                }
              ],
              "len": 4515,
              "hsps": [
                {
                  "num": 1,
                  "bit_score": 40.9604,
                  "score": 44,
                  "evalue": 0.37015,
                  "identity": 25,
                  "query_from": 14,
                  "query_to": 40,
                  "query_strand": "Plus",
                  "hit_from": 4089,
                  "hit_to": 4063,
                  "hit_strand": "Minus",
                  "align_len": 27,
                  "gaps": 0,
                  "qseq": "AAGTTAATAAACCTGTTAATTGGTACA",
                  "hseq": "AAGTTAATAAACCTGTTTATTTGTACA",
                  "midline": "||||||||||||||||| ||| |||||"
                }
              ]
            },
            {
              "num": 8,
              "description": [
                {
                  "id": "gi|1242836647|ref|XM_022443726.1|",
                  "accession": "XM_022443726",
                  "title": "PREDICTED: Crassostrea virginica IQ motif and SEC7 domain-containing protein 2-like (LOC111108124), transcript variant X14, mRNA",
                  "taxid": 6565,
                  "sciname": "Crassostrea virginica"
                }
              ],
              "len": 4543,
              "hsps": [
                {
                  "num": 1,
                  "bit_score": 40.9604,
                  "score": 44,
                  "evalue": 0.37015,
                  "identity": 25,
                  "query_from": 14,
                  "query_to": 40,
                  "query_strand": "Plus",
                  "hit_from": 4117,
                  "hit_to": 4091,
                  "hit_strand": "Minus",
                  "align_len": 27,
                  "gaps": 0,
                  "qseq": "AAGTTAATAAACCTGTTAATTGGTACA",
                  "hseq": "AAGTTAATAAACCTGTTTATTTGTACA",
                  "midline": "||||||||||||||||| ||| |||||"
                }
              ]
            },
            {
              "num": 9,
              "description": [
                {
                  "id": "gi|1242836645|ref|XM_022443725.1|",
                  "accession": "XM_022443725",
                  "title": "PREDICTED: Crassostrea virginica IQ motif and SEC7 domain-containing protein 2-like (LOC111108124), transcript variant X13, mRNA",
                  "taxid": 6565,
                  "sciname": "Crassostrea virginica"
                }
              ],
              "len": 4644,
              "hsps": [
                {
                  "num": 1,
                  "bit_score": 40.9604,
                  "score": 44,
                  "evalue": 0.37015,
                  "identity": 25,
                  "query_from": 14,
                  "query_to": 40,
                  "query_strand": "Plus",
                  "hit_from": 4218,
                  "hit_to": 4192,
                  "hit_strand": "Minus",
                  "align_len": 27,
                  "gaps": 0,
                  "qseq": "AAGTTAATAAACCTGTTAATTGGTACA",
                  "hseq": "AAGTTAATAAACCTGTTTATTTGTACA",
                  "midline": "||||||||||||||||| ||| |||||"
                }
              ]
            },
            {
              "num": 10,
              "description": [
                {
                  "id": "gi|1242836643|ref|XM_022443723.1|",
                  "accession": "XM_022443723",
                  "title": "PREDICTED: Crassostrea virginica IQ motif and SEC7 domain-containing protein 2-like (LOC111108124), transcript variant X12, mRNA",
                  "taxid": 6565,
                  "sciname": "Crassostrea virginica"
                }
              ],
              "len": 4560,
              "hsps": [
                {
                  "num": 1,
                  "bit_score": 40.9604,
                  "score": 44,
                  "evalue": 0.37015,
                  "identity": 25,
                  "query_from": 14,
                  "query_to": 40,
                  "query_strand": "Plus",
                  "hit_from": 4134,
                  "hit_to": 4108,
                  "hit_strand": "Minus",
                  "align_len": 27,
                  "gaps": 0,
                  "qseq": "AAGTTAATAAACCTGTTAATTGGTACA",
                  "hseq": "AAGTTAATAAACCTGTTTATTTGTACA",
                  "midline": "||||||||||||||||| ||| |||||"
                }
              ]
            },
            {
              "num": 11,
              "description": [
                {
                  "id": "gi|1242836641|ref|XM_022443722.1|",
                  "accession": "XM_022443722",
                  "title": "PREDICTED: Crassostrea virginica IQ motif and SEC7 domain-containing protein 2-like (LOC111108124), transcript variant X11, mRNA",
                  "taxid": 6565,
                  "sciname": "Crassostrea virginica"
                }
              ],
              "len": 4982,
              "hsps": [
                {
                  "num": 1,
                  "bit_score": 40.9604,
                  "score": 44,
                  "evalue": 0.37015,
                  "identity": 25,
                  "query_from": 14,
                  "query_to": 40,
                  "query_strand": "Plus",
                  "hit_from": 4556,
                  "hit_to": 4530,
                  "hit_strand": "Minus",
                  "align_len": 27,
                  "gaps": 0,
                  "qseq": "AAGTTAATAAACCTGTTAATTGGTACA",
                  "hseq": "AAGTTAATAAACCTGTTTATTTGTACA",
                  "midline": "||||||||||||||||| ||| |||||"
                }
              ]
            },
            {
              "num": 12,
              "description": [
                {
                  "id": "gi|1242836639|ref|XM_022443721.1|",
                  "accession": "XM_022443721",
                  "title": "PREDICTED: Crassostrea virginica IQ motif and SEC7 domain-containing protein 2-like (LOC111108124), transcript variant X10, mRNA",
                  "taxid": 6565,
                  "sciname": "Crassostrea virginica"
                }
              ],
              "len": 6670,
              "hsps": [
                {
                  "num": 1,
                  "bit_score": 40.9604,
                  "score": 44,
                  "evalue": 0.37015,
                  "identity": 25,
                  "query_from": 14,
                  "query_to": 40,
                  "query_strand": "Plus",
                  "hit_from": 6244,
                  "hit_to": 6218,
                  "hit_strand": "Minus",
                  "align_len": 27,
                  "gaps": 0,
                  "qseq": "AAGTTAATAAACCTGTTAATTGGTACA",
                  "hseq": "AAGTTAATAAACCTGTTTATTTGTACA",
                  "midline": "||||||||||||||||| ||| |||||"
                }
              ]
            },
            {
              "num": 13,
              "description": [
                {
                  "id": "gi|1242836637|ref|XM_022443720.1|",
                  "accession": "XM_022443720",
                  "title": "PREDICTED: Crassostrea virginica IQ motif and SEC7 domain-containing protein 2-like (LOC111108124), transcript variant X9, mRNA",
                  "taxid": 6565,
                  "sciname": "Crassostrea virginica"
                }
              ],
              "len": 4448,
              "hsps": [
                {
                  "num": 1,
                  "bit_score": 40.9604,
                  "score": 44,
                  "evalue": 0.37015,
                  "identity": 25,
                  "query_from": 14,
                  "query_to": 40,
                  "query_strand": "Plus",
                  "hit_from": 4022,
                  "hit_to": 3996,
                  "hit_strand": "Minus",
                  "align_len": 27,
                  "gaps": 0,
                  "qseq": "AAGTTAATAAACCTGTTAATTGGTACA",
                  "hseq": "AAGTTAATAAACCTGTTTATTTGTACA",
                  "midline": "||||||||||||||||| ||| |||||"
                }
              ]
            },
            {
              "num": 14,
              "description": [
                {
                  "id": "gi|1242836635|ref|XM_022443719.1|",
                  "accession": "XM_022443719",
                  "title": "PREDICTED: Crassostrea virginica IQ motif and SEC7 domain-containing protein 2-like (LOC111108124), transcript variant X8, mRNA",
                  "taxid": 6565,
                  "sciname": "Crassostrea virginica"
                }
              ],
              "len": 4742,
              "hsps": [
                {
                  "num": 1,
                  "bit_score": 40.9604,
                  "score": 44,
                  "evalue": 0.37015,
                  "identity": 25,
                  "query_from": 14,
                  "query_to": 40,
                  "query_strand": "Plus",
                  "hit_from": 4316,
                  "hit_to": 4290,
                  "hit_strand": "Minus",
                  "align_len": 27,
                  "gaps": 0,
                  "qseq": "AAGTTAATAAACCTGTTAATTGGTACA",
                  "hseq": "AAGTTAATAAACCTGTTTATTTGTACA",
                  "midline": "||||||||||||||||| ||| |||||"
                }
              ]
            },
            {
              "num": 15,
              "description": [
                {
                  "id": "gi|1242836633|ref|XM_022443718.1|",
                  "accession": "XM_022443718",
                  "title": "PREDICTED: Crassostrea virginica IQ motif and SEC7 domain-containing protein 2-like (LOC111108124), transcript variant X7, mRNA",
                  "taxid": 6565,
                  "sciname": "Crassostrea virginica"
                }
              ],
              "len": 4645,
              "hsps": [
                {
                  "num": 1,
                  "bit_score": 40.9604,
                  "score": 44,
                  "evalue": 0.37015,
                  "identity": 25,
                  "query_from": 14,
                  "query_to": 40,
                  "query_strand": "Plus",
                  "hit_from": 4219,
                  "hit_to": 4193,
                  "hit_strand": "Minus",
                  "align_len": 27,
                  "gaps": 0,
                  "qseq": "AAGTTAATAAACCTGTTAATTGGTACA",
                  "hseq": "AAGTTAATAAACCTGTTTATTTGTACA",
                  "midline": "||||||||||||||||| ||| |||||"
                }
              ]
            },
            {
              "num": 16,
              "description": [
                {
                  "id": "gi|1242836631|ref|XM_022443717.1|",
                  "accession": "XM_022443717",
                  "title": "PREDICTED: Crassostrea virginica IQ motif and SEC7 domain-containing protein 2-like (LOC111108124), transcript variant X6, mRNA",
                  "taxid": 6565,
                  "sciname": "Crassostrea virginica"
                }
              ],
              "len": 4695,
              "hsps": [
                {
                  "num": 1,
                  "bit_score": 40.9604,
                  "score": 44,
                  "evalue": 0.37015,
                  "identity": 25,
                  "query_from": 14,
                  "query_to": 40,
                  "query_strand": "Plus",
                  "hit_from": 4269,
                  "hit_to": 4243,
                  "hit_strand": "Minus",
                  "align_len": 27,
                  "gaps": 0,
                  "qseq": "AAGTTAATAAACCTGTTAATTGGTACA",
                  "hseq": "AAGTTAATAAACCTGTTTATTTGTACA",
                  "midline": "||||||||||||||||| ||| |||||"
                }
              ]
            },
            {
              "num": 17,
              "description": [
                {
                  "id": "gi|1242836629|ref|XM_022443716.1|",
                  "accession": "XM_022443716",
                  "title": "PREDICTED: Crassostrea virginica IQ motif and SEC7 domain-containing protein 2-like (LOC111108124), transcript variant X5, mRNA",
                  "taxid": 6565,
                  "sciname": "Crassostrea virginica"
                }
              ],
              "len": 4900,
              "hsps": [
                {
                  "num": 1,
                  "bit_score": 40.9604,
                  "score": 44,
                  "evalue": 0.37015,
                  "identity": 25,
                  "query_from": 14,
                  "query_to": 40,
                  "query_strand": "Plus",
                  "hit_from": 4474,
                  "hit_to": 4448,
                  "hit_strand": "Minus",
                  "align_len": 27,
                  "gaps": 0,
                  "qseq": "AAGTTAATAAACCTGTTAATTGGTACA",
                  "hseq": "AAGTTAATAAACCTGTTTATTTGTACA",
                  "midline": "||||||||||||||||| ||| |||||"
                }
              ]
            },
            {
              "num": 18,
              "description": [
                {
                  "id": "gi|1242836627|ref|XM_022443715.1|",
                  "accession": "XM_022443715",
                  "title": "PREDICTED: Crassostrea virginica IQ motif and SEC7 domain-containing protein 2-like (LOC111108124), transcript variant X4, mRNA",
                  "taxid": 6565,
                  "sciname": "Crassostrea virginica"
                }
              ],
              "len": 4543,
              "hsps": [
                {
                  "num": 1,
                  "bit_score": 40.9604,
                  "score": 44,
                  "evalue": 0.37015,
                  "identity": 25,
                  "query_from": 14,
                  "query_to": 40,
                  "query_strand": "Plus",
                  "hit_from": 4117,
                  "hit_to": 4091,
                  "hit_strand": "Minus",
                  "align_len": 27,
                  "gaps": 0,
                  "qseq": "AAGTTAATAAACCTGTTAATTGGTACA",
                  "hseq": "AAGTTAATAAACCTGTTTATTTGTACA",
                  "midline": "||||||||||||||||| ||| |||||"
                }
              ]
            },
            {
              "num": 19,
              "description": [
                {
                  "id": "gi|1242836625|ref|XM_022443714.1|",
                  "accession": "XM_022443714",
                  "title": "PREDICTED: Crassostrea virginica IQ motif and SEC7 domain-containing protein 2-like (LOC111108124), transcript variant X3, mRNA",
                  "taxid": 6565,
                  "sciname": "Crassostrea virginica"
                }
              ],
              "len": 4983,
              "hsps": [
                {
                  "num": 1,
                  "bit_score": 40.9604,
                  "score": 44,
                  "evalue": 0.37015,
                  "identity": 25,
                  "query_from": 14,
                  "query_to": 40,
                  "query_strand": "Plus",
                  "hit_from": 4557,
                  "hit_to": 4531,
                  "hit_strand": "Minus",
                  "align_len": 27,
                  "gaps": 0,
                  "qseq": "AAGTTAATAAACCTGTTAATTGGTACA",
                  "hseq": "AAGTTAATAAACCTGTTTATTTGTACA",
                  "midline": "||||||||||||||||| ||| |||||"
                }
              ]
            },
            {
              "num": 20,
              "description": [
                {
                  "id": "gi|1242836623|ref|XM_022443713.1|",
                  "accession": "XM_022443713",
                  "title": "PREDICTED: Crassostrea virginica IQ motif and SEC7 domain-containing protein 2-like (LOC111108124), transcript variant X2, mRNA",
                  "taxid": 6565,
                  "sciname": "Crassostrea virginica"
                }
              ],
              "len": 5043,
              "hsps": [
                {
                  "num": 1,
                  "bit_score": 40.9604,
                  "score": 44,
                  "evalue": 0.37015,
                  "identity": 25,
                  "query_from": 14,
                  "query_to": 40,
                  "query_strand": "Plus",
                  "hit_from": 4617,
                  "hit_to": 4591,
                  "hit_strand": "Minus",
                  "align_len": 27,
                  "gaps": 0,
                  "qseq": "AAGTTAATAAACCTGTTAATTGGTACA",
                  "hseq": "AAGTTAATAAACCTGTTTATTTGTACA",
                  "midline": "||||||||||||||||| ||| |||||"
                }
              ]
            },
            {
              "num": 21,
              "description": [
                {
                  "id": "gi|1242836621|ref|XM_022443712.1|",
                  "accession": "XM_022443712",
                  "title": "PREDICTED: Crassostrea virginica IQ motif and SEC7 domain-containing protein 2-like (LOC111108124), transcript variant X1, mRNA",
                  "taxid": 6565,
                  "sciname": "Crassostrea virginica"
                }
              ],
              "len": 5093,
              "hsps": [
                {
                  "num": 1,
                  "bit_score": 40.9604,
                  "score": 44,
                  "evalue": 0.37015,
                  "identity": 25,
                  "query_from": 14,
                  "query_to": 40,
                  "query_strand": "Plus",
                  "hit_from": 4667,
                  "hit_to": 4641,
                  "hit_strand": "Minus",
                  "align_len": 27,
                  "gaps": 0,
                  "qseq": "AAGTTAATAAACCTGTTAATTGGTACA",
                  "hseq": "AAGTTAATAAACCTGTTTATTTGTACA",
                  "midline": "||||||||||||||||| ||| |||||"
                }
              ]
            },
            {
              "num": 22,
              "description": [
                {
                  "id": "gi|1091788171|ref|XM_009418633.2|",
                  "accession": "XM_009418633",
                  "title": "PREDICTED: Musa acuminata subsp. malaccensis filament-like plant protein 3 (LOC103997425), transcript variant X4, mRNA",
                  "taxid": 214687,
                  "sciname": "Musa acuminata subsp. malaccensis"
                }
              ],
              "len": 2802,
              "hsps": [
                {
                  "num": 1,
                  "bit_score": 40.9604,
                  "score": 44,
                  "evalue": 0.37015,
                  "identity": 25,
                  "query_from": 6,
                  "query_to": 32,
                  "query_strand": "Plus",
                  "hit_from": 491,
                  "hit_to": 517,
                  "hit_strand": "Plus",
                  "align_len": 27,
                  "gaps": 0,
                  "qseq": "TGATGGTGAAGTTAATAAACCTGTTAA",
                  "hseq": "TGATGGTGAAGTTAATCAAACTGTTAA",
                  "midline": "|||||||||||||||| || |||||||"
                }
              ]
            },
            {
              "num": 23,
              "description": [
                {
                  "id": "gi|1091788168|ref|XM_018818000.1|",
                  "accession": "XM_018818000",
                  "title": "PREDICTED: Musa acuminata subsp. malaccensis filament-like plant protein 3 (LOC103997425), transcript variant X3, mRNA",
                  "taxid": 214687,
                  "sciname": "Musa acuminata subsp. malaccensis"
                }
              ],
              "len": 2993,
              "hsps": [
                {
                  "num": 1,
                  "bit_score": 40.9604,
                  "score": 44,
                  "evalue": 0.37015,
                  "identity": 25,
                  "query_from": 6,
                  "query_to": 32,
                  "query_strand": "Plus",
                  "hit_from": 682,
                  "hit_to": 708,
                  "hit_strand": "Plus",
                  "align_len": 27,
                  "gaps": 0,
                  "qseq": "TGATGGTGAAGTTAATAAACCTGTTAA",
                  "hseq": "TGATGGTGAAGTTAATCAAACTGTTAA",
                  "midline": "|||||||||||||||| || |||||||"
                }
              ]
            },
            {
              "num": 24,
              "description": [
                {
                  "id": "gi|1091788166|ref|XM_018817999.1|",
                  "accession": "XM_018817999",
                  "title": "PREDICTED: Musa acuminata subsp. malaccensis filament-like plant protein 3 (LOC103997425), transcript variant X2, mRNA",
                  "taxid": 214687,
                  "sciname": "Musa acuminata subsp. malaccensis"
                }
              ],
              "len": 2873,
              "hsps": [
                {
                  "num": 1,
                  "bit_score": 40.9604,
                  "score": 44,
                  "evalue": 0.37015,
                  "identity": 25,
                  "query_from": 6,
                  "query_to": 32,
                  "query_strand": "Plus",
                  "hit_from": 562,
                  "hit_to": 588,
                  "hit_strand": "Plus",
                  "align_len": 27,
                  "gaps": 0,
                  "qseq": "TGATGGTGAAGTTAATAAACCTGTTAA",
                  "hseq": "TGATGGTGAAGTTAATCAAACTGTTAA",
                  "midline": "|||||||||||||||| || |||||||"
                }
              ]
            },
            {
              "num": 25,
              "description": [
                {
                  "id": "gi|1091788163|ref|XM_018817998.1|",
                  "accession": "XM_018817998",
                  "title": "PREDICTED: Musa acuminata subsp. malaccensis filament-like plant protein 3 (LOC103997425), transcript variant X1, mRNA",
                  "taxid": 214687,
                  "sciname": "Musa acuminata subsp. malaccensis"
                }
              ],
              "len": 3359,
              "hsps": [
                {
                  "num": 1,
                  "bit_score": 40.9604,
                  "score": 44,
                  "evalue": 0.37015,
                  "identity": 25,
                  "query_from": 6,
                  "query_to": 32,
                  "query_strand": "Plus",
                  "hit_from": 1048,
                  "hit_to": 1074,
                  "hit_strand": "Plus",
                  "align_len": 27,
                  "gaps": 0,
                  "qseq": "TGATGGTGAAGTTAATAAACCTGTTAA",
                  "hseq": "TGATGGTGAAGTTAATCAAACTGTTAA",
                  "midline": "|||||||||||||||| || |||||||"
                }
              ]
            },
            {
              "num": 26,
              "description": [
                {
                  "id": "gi|840010955|emb|LK064720.1|",
                  "accession": "LK064720",
                  "title": "Apteryx australis mantelli genome assembly AptMant0, scaffold scaffold52",
                  "taxid": 202946,
                  "sciname": "Apteryx australis mantelli"
                }
              ],
              "len": 13414058,
              "hsps": [
                {
                  "num": 1,
                  "bit_score": 40.9604,
                  "score": 44,
                  "evalue": 0.37015,
                  "identity": 25,
                  "query_from": 4,
                  "query_to": 30,
                  "query_strand": "Plus",
                  "hit_from": 5730459,
                  "hit_to": 5730485,
                  "hit_strand": "Plus",
                  "align_len": 27,
                  "gaps": 0,
                  "qseq": "GCTGATGGTGAAGTTAATAAACCTGTT",
                  "hseq": "GCTGATGGTGAAGGTAATAAACGTGTT",
                  "midline": "||||||||||||| |||||||| ||||"
                }
              ]
            },
            {
              "num": 27,
              "description": [
                {
                  "id": "gi|1695378344|emb|LR597558.1|",
                  "accession": "LR597558",
                  "title": "Myripristis murdjan genome assembly, chromosome: 9",
                  "taxid": 586833,
                  "sciname": "Myripristis murdjan"
                }
              ],
              "len": 38390726,
              "hsps": [
                {
                  "num": 1,
                  "bit_score": 40.0587,
                  "score": 43,
                  "evalue": 1.29195,
                  "identity": 29,
                  "query_from": 9,
                  "query_to": 42,
                  "query_strand": "Plus",
                  "hit_from": 30240573,
                  "hit_to": 30240540,
                  "hit_strand": "Minus",
                  "align_len": 34,
                  "gaps": 0,
                  "qseq": "TGGTGAAGTTAATAAACCTGTTAATTGGTACATT",
                  "hseq": "TGATGAAGTTAATAAAACAGTTACTTGTTACATT",
                  "midline": "|| ||||||||||||| | |||| ||| ||||||"
                }
              ]
            },
            {
              "num": 28,
              "description": [
                {
                  "id": "gi|1695378291|emb|LR597462.1|",
                  "accession": "LR597462",
                  "title": "Sphaeramia orbicularis genome assembly, chromosome: 5",
                  "taxid": 375764,
                  "sciname": "Sphaeramia orbicularis"
                }
              ],
              "len": 62138941,
              "hsps": [
                {
                  "num": 1,
                  "bit_score": 40.0587,
                  "score": 43,
                  "evalue": 1.29195,
                  "identity": 26,
                  "query_from": 14,
                  "query_to": 42,
                  "query_strand": "Plus",
                  "hit_from": 47359327,
                  "hit_to": 47359355,
                  "hit_strand": "Plus",
                  "align_len": 29,
                  "gaps": 0,
                  "qseq": "AAGTTAATAAACCTGTTAATTGGTACATT",
                  "hseq": "AAGTTAATAAAGCTGGTAAATGGTACATT",
                  "midline": "||||||||||| ||| ||| |||||||||"
                }
              ]
            },
            {
              "num": 29,
              "description": [
                {
                  "id": "gi|1695378244|emb|LR597446.1|",
                  "accession": "LR597446",
                  "title": "Salarias fasciatus genome assembly, chromosome: 11",
                  "taxid": 181472,
                  "sciname": "Salarias fasciatus"
                }
              ],
              "len": 36057378,
              "hsps": [
                {
                  "num": 1,
                  "bit_score": 40.0587,
                  "score": 43,
                  "evalue": 1.29195,
                  "identity": 23,
                  "query_from": 16,
                  "query_to": 39,
                  "query_strand": "Plus",
                  "hit_from": 19982794,
                  "hit_to": 19982817,
                  "hit_strand": "Plus",
                  "align_len": 24,
                  "gaps": 0,
                  "qseq": "GTTAATAAACCTGTTAATTGGTAC",
                  "hseq": "GTTAATAAACCTGTTAATTGGAAC",
                  "midline": "||||||||||||||||||||| ||"
                }
              ]
            },
            {
              "num": 30,
              "description": [
                {
                  "id": "gi|1591613398|emb|LR535818.1|",
                  "accession": "LR535818",
                  "title": "Denticeps clupeoides genome assembly, chromosome: 6",
                  "taxid": 299321,
                  "sciname": "Denticeps clupeoides"
                }
              ],
              "len": 25515720,
              "hsps": [
                {
                  "num": 1,
                  "bit_score": 40.0587,
                  "score": 43,
                  "evalue": 1.29195,
                  "identity": 23,
                  "query_from": 12,
                  "query_to": 35,
                  "query_strand": "Plus",
                  "hit_from": 12691124,
                  "hit_to": 12691147,
                  "hit_strand": "Plus",
                  "align_len": 24,
                  "gaps": 0,
                  "qseq": "TGAAGTTAATAAACCTGTTAATTG",
                  "hseq": "TGAAGTTAATAAACCTGGTAATTG",
                  "midline": "||||||||||||||||| ||||||"
                }
              ]
            },
            {
              "num": 31,
              "description": [
                {
                  "id": "gi|1395250092|gb|CP026264.1|",
                  "accession": "CP026264",
                  "title": "Scophthalmus maximus chromosome 22",
                  "taxid": 52904,
                  "sciname": "Scophthalmus maximus"
                }
              ],
              "len": 14918709,
              "hsps": [
                {
                  "num": 1,
                  "bit_score": 40.0587,
                  "score": 43,
                  "evalue": 1.29195,
                  "identity": 26,
                  "query_from": 14,
                  "query_to": 42,
                  "query_strand": "Plus",
                  "hit_from": 11446197,
                  "hit_to": 11446169,
                  "hit_strand": "Minus",
                  "align_len": 29,
                  "gaps": 0,
                  "qseq": "AAGTTAATAAACCTGTTAATTGGTACATT",
                  "hseq": "AAGTCAATAATCCTGTTAATTGGTTCATT",
                  "midline": "|||| ||||| ||||||||||||| ||||"
                }
              ]
            },
            {
              "num": 32,
              "description": [
                {
                  "id": "gi|1134991602|gb|CP019388.1|",
                  "accession": "CP019388",
                  "title": "Winogradskyella sp. J14-2, complete genome",
                  "taxid": 1936080,
                  "sciname": "Winogradskyella sp. J14-2"
                }
              ],
              "len": 3349669,
              "hsps": [
                {
                  "num": 1,
                  "bit_score": 40.0587,
                  "score": 43,
                  "evalue": 1.29195,
                  "identity": 31,
                  "query_from": 1,
                  "query_to": 35,
                  "query_strand": "Plus",
                  "hit_from": 1182153,
                  "hit_to": 1182188,
                  "hit_strand": "Plus",
                  "align_len": 36,
                  "gaps": 1,
                  "qseq": "TTTGCTGATGGTGAAGTTA-ATAAACCTGTTAATTG",
                  "hseq": "TTTGCTGATGGTGATGTTATATCAACCTCTAAATTG",
                  "midline": "|||||||||||||| |||| || ||||| | |||||"
                }
              ]
            },
            {
              "num": 33,
              "description": [
                {
                  "id": "gi|1685536764|ref|XM_029487058.1|",
                  "accession": "XM_029487058",
                  "title": "PREDICTED: Acyrthosiphon pisum titin (LOC100160310), transcript variant X25, mRNA",
                  "taxid": 7029,
                  "sciname": "Acyrthosiphon pisum"
                }
              ],
              "len": 39217,
              "hsps": [
                {
                  "num": 1,
                  "bit_score": 39.157,
                  "score": 42,
                  "evalue": 1.29195,
                  "identity": 26,
                  "query_from": 13,
                  "query_to": 40,
                  "query_strand": "Plus",
                  "hit_from": 27531,
                  "hit_to": 27557,
                  "hit_strand": "Plus",
                  "align_len": 28,
                  "gaps": 1,
                  "qseq": "GAAGTTAATAAACCTGTTAATTGGTACA",
                  "hseq": "GAAGTTAATAAACC-GTTATTTGGTACA",
                  "midline": "|||||||||||||| |||| ||||||||"
                }
              ]
            },
            {
              "num": 34,
              "description": [
                {
                  "id": "gi|1685536762|ref|XM_029487057.1|",
                  "accession": "XM_029487057",
                  "title": "PREDICTED: Acyrthosiphon pisum titin (LOC100160310), transcript variant X24, mRNA",
                  "taxid": 7029,
                  "sciname": "Acyrthosiphon pisum"
                }
              ],
              "len": 44776,
              "hsps": [
                {
                  "num": 1,
                  "bit_score": 39.157,
                  "score": 42,
                  "evalue": 1.29195,
                  "identity": 26,
                  "query_from": 13,
                  "query_to": 40,
                  "query_strand": "Plus",
                  "hit_from": 21546,
                  "hit_to": 21572,
                  "hit_strand": "Plus",
                  "align_len": 28,
                  "gaps": 1,
                  "qseq": "GAAGTTAATAAACCTGTTAATTGGTACA",
                  "hseq": "GAAGTTAATAAACC-GTTATTTGGTACA",
                  "midline": "|||||||||||||| |||| ||||||||"
                }
              ]
            },
            {
              "num": 35,
              "description": [
                {
                  "id": "gi|1685536760|ref|XM_029487056.1|",
                  "accession": "XM_029487056",
                  "title": "PREDICTED: Acyrthosiphon pisum titin (LOC100160310), transcript variant X23, mRNA",
                  "taxid": 7029,
                  "sciname": "Acyrthosiphon pisum"
                }
              ],
              "len": 46399,
              "hsps": [
                {
                  "num": 1,
                  "bit_score": 39.157,
                  "score": 42,
                  "evalue": 1.29195,
                  "identity": 26,
                  "query_from": 13,
                  "query_to": 40,
                  "query_strand": "Plus",
                  "hit_from": 23169,
                  "hit_to": 23195,
                  "hit_strand": "Plus",
                  "align_len": 28,
                  "gaps": 1,
                  "qseq": "GAAGTTAATAAACCTGTTAATTGGTACA",
                  "hseq": "GAAGTTAATAAACC-GTTATTTGGTACA",
                  "midline": "|||||||||||||| |||| ||||||||"
                }
              ]
            },
            {
              "num": 36,
              "description": [
                {
                  "id": "gi|1685536758|ref|XM_029487055.1|",
                  "accession": "XM_029487055",
                  "title": "PREDICTED: Acyrthosiphon pisum titin (LOC100160310), transcript variant X22, mRNA",
                  "taxid": 7029,
                  "sciname": "Acyrthosiphon pisum"
                }
              ],
              "len": 48082,
              "hsps": [
                {
                  "num": 1,
                  "bit_score": 39.157,
                  "score": 42,
                  "evalue": 1.29195,
                  "identity": 26,
                  "query_from": 13,
                  "query_to": 40,
                  "query_strand": "Plus",
                  "hit_from": 24852,
                  "hit_to": 24878,
                  "hit_strand": "Plus",
                  "align_len": 28,
                  "gaps": 1,
                  "qseq": "GAAGTTAATAAACCTGTTAATTGGTACA",
                  "hseq": "GAAGTTAATAAACC-GTTATTTGGTACA",
                  "midline": "|||||||||||||| |||| ||||||||"
                }
              ]
            },
            {
              "num": 37,
              "description": [
                {
                  "id": "gi|1685536756|ref|XM_029487054.1|",
                  "accession": "XM_029487054",
                  "title": "PREDICTED: Acyrthosiphon pisum titin (LOC100160310), transcript variant X21, mRNA",
                  "taxid": 7029,
                  "sciname": "Acyrthosiphon pisum"
                }
              ],
              "len": 48652,
              "hsps": [
                {
                  "num": 1,
                  "bit_score": 39.157,
                  "score": 42,
                  "evalue": 1.29195,
                  "identity": 26,
                  "query_from": 13,
                  "query_to": 40,
                  "query_strand": "Plus",
                  "hit_from": 25422,
                  "hit_to": 25448,
                  "hit_strand": "Plus",
                  "align_len": 28,
                  "gaps": 1,
                  "qseq": "GAAGTTAATAAACCTGTTAATTGGTACA",
                  "hseq": "GAAGTTAATAAACC-GTTATTTGGTACA",
                  "midline": "|||||||||||||| |||| ||||||||"
                }
              ]
            },
            {
              "num": 38,
              "description": [
                {
                  "id": "gi|1685536754|ref|XM_029487053.1|",
                  "accession": "XM_029487053",
                  "title": "PREDICTED: Acyrthosiphon pisum titin (LOC100160310), transcript variant X20, mRNA",
                  "taxid": 7029,
                  "sciname": "Acyrthosiphon pisum"
                }
              ],
              "len": 48991,
              "hsps": [
                {
                  "num": 1,
                  "bit_score": 39.157,
                  "score": 42,
                  "evalue": 1.29195,
                  "identity": 26,
                  "query_from": 13,
                  "query_to": 40,
                  "query_strand": "Plus",
                  "hit_from": 25761,
                  "hit_to": 25787,
                  "hit_strand": "Plus",
                  "align_len": 28,
                  "gaps": 1,
                  "qseq": "GAAGTTAATAAACCTGTTAATTGGTACA",
                  "hseq": "GAAGTTAATAAACC-GTTATTTGGTACA",
                  "midline": "|||||||||||||| |||| ||||||||"
                }
              ]
            },
            {
              "num": 39,
              "description": [
                {
                  "id": "gi|1685536752|ref|XM_029487052.1|",
                  "accession": "XM_029487052",
                  "title": "PREDICTED: Acyrthosiphon pisum titin (LOC100160310), transcript variant X19, mRNA",
                  "taxid": 7029,
                  "sciname": "Acyrthosiphon pisum"
                }
              ],
              "len": 49003,
              "hsps": [
                {
                  "num": 1,
                  "bit_score": 39.157,
                  "score": 42,
                  "evalue": 1.29195,
                  "identity": 26,
                  "query_from": 13,
                  "query_to": 40,
                  "query_strand": "Plus",
                  "hit_from": 25773,
                  "hit_to": 25799,
                  "hit_strand": "Plus",
                  "align_len": 28,
                  "gaps": 1,
                  "qseq": "GAAGTTAATAAACCTGTTAATTGGTACA",
                  "hseq": "GAAGTTAATAAACC-GTTATTTGGTACA",
                  "midline": "|||||||||||||| |||| ||||||||"
                }
              ]
            },
            {
              "num": 40,
              "description": [
                {
                  "id": "gi|1685536750|ref|XM_029487051.1|",
                  "accession": "XM_029487051",
                  "title": "PREDICTED: Acyrthosiphon pisum titin (LOC100160310), transcript variant X18, mRNA",
                  "taxid": 7029,
                  "sciname": "Acyrthosiphon pisum"
                }
              ],
              "len": 49177,
              "hsps": [
                {
                  "num": 1,
                  "bit_score": 39.157,
                  "score": 42,
                  "evalue": 1.29195,
                  "identity": 26,
                  "query_from": 13,
                  "query_to": 40,
                  "query_strand": "Plus",
                  "hit_from": 25947,
                  "hit_to": 25973,
                  "hit_strand": "Plus",
                  "align_len": 28,
                  "gaps": 1,
                  "qseq": "GAAGTTAATAAACCTGTTAATTGGTACA",
                  "hseq": "GAAGTTAATAAACC-GTTATTTGGTACA",
                  "midline": "|||||||||||||| |||| ||||||||"
                }
              ]
            },
            {
              "num": 41,
              "description": [
                {
                  "id": "gi|1685536748|ref|XM_029487050.1|",
                  "accession": "XM_029487050",
                  "title": "PREDICTED: Acyrthosiphon pisum titin (LOC100160310), transcript variant X17, mRNA",
                  "taxid": 7029,
                  "sciname": "Acyrthosiphon pisum"
                }
              ],
              "len": 49183,
              "hsps": [
                {
                  "num": 1,
                  "bit_score": 39.157,
                  "score": 42,
                  "evalue": 1.29195,
                  "identity": 26,
                  "query_from": 13,
                  "query_to": 40,
                  "query_strand": "Plus",
                  "hit_from": 27535,
                  "hit_to": 27561,
                  "hit_strand": "Plus",
                  "align_len": 28,
                  "gaps": 1,
                  "qseq": "GAAGTTAATAAACCTGTTAATTGGTACA",
                  "hseq": "GAAGTTAATAAACC-GTTATTTGGTACA",
                  "midline": "|||||||||||||| |||| ||||||||"
                }
              ]
            },
            {
              "num": 42,
              "description": [
                {
                  "id": "gi|1685536746|ref|XM_029487049.1|",
                  "accession": "XM_029487049",
                  "title": "PREDICTED: Acyrthosiphon pisum titin (LOC100160310), transcript variant X16, mRNA",
                  "taxid": 7029,
                  "sciname": "Acyrthosiphon pisum"
                }
              ],
              "len": 49330,
              "hsps": [
                {
                  "num": 1,
                  "bit_score": 39.157,
                  "score": 42,
                  "evalue": 1.29195,
                  "identity": 26,
                  "query_from": 13,
                  "query_to": 40,
                  "query_strand": "Plus",
                  "hit_from": 26100,
                  "hit_to": 26126,
                  "hit_strand": "Plus",
                  "align_len": 28,
                  "gaps": 1,
                  "qseq": "GAAGTTAATAAACCTGTTAATTGGTACA",
                  "hseq": "GAAGTTAATAAACC-GTTATTTGGTACA",
                  "midline": "|||||||||||||| |||| ||||||||"
                }
              ]
            },
            {
              "num": 43,
              "description": [
                {
                  "id": "gi|1685536744|ref|XM_029487048.1|",
                  "accession": "XM_029487048",
                  "title": "PREDICTED: Acyrthosiphon pisum titin (LOC100160310), transcript variant X15, mRNA",
                  "taxid": 7029,
                  "sciname": "Acyrthosiphon pisum"
                }
              ],
              "len": 49516,
              "hsps": [
                {
                  "num": 1,
                  "bit_score": 39.157,
                  "score": 42,
                  "evalue": 1.29195,
                  "identity": 26,
                  "query_from": 13,
                  "query_to": 40,
                  "query_strand": "Plus",
                  "hit_from": 26286,
                  "hit_to": 26312,
                  "hit_strand": "Plus",
                  "align_len": 28,
                  "gaps": 1,
                  "qseq": "GAAGTTAATAAACCTGTTAATTGGTACA",
                  "hseq": "GAAGTTAATAAACC-GTTATTTGGTACA",
                  "midline": "|||||||||||||| |||| ||||||||"
                }
              ]
            },
            {
              "num": 44,
              "description": [
                {
                  "id": "gi|1685536742|ref|XM_029487047.1|",
                  "accession": "XM_029487047",
                  "title": "PREDICTED: Acyrthosiphon pisum titin (LOC100160310), transcript variant X14, mRNA",
                  "taxid": 7029,
                  "sciname": "Acyrthosiphon pisum"
                }
              ],
              "len": 49747,
              "hsps": [
                {
                  "num": 1,
                  "bit_score": 39.157,
                  "score": 42,
                  "evalue": 1.29195,
                  "identity": 26,
                  "query_from": 13,
                  "query_to": 40,
                  "query_strand": "Plus",
                  "hit_from": 26517,
                  "hit_to": 26543,
                  "hit_strand": "Plus",
                  "align_len": 28,
                  "gaps": 1,
                  "qseq": "GAAGTTAATAAACCTGTTAATTGGTACA",
                  "hseq": "GAAGTTAATAAACC-GTTATTTGGTACA",
                  "midline": "|||||||||||||| |||| ||||||||"
                }
              ]
            },
            {
              "num": 45,
              "description": [
                {
                  "id": "gi|1685536740|ref|XM_029487046.1|",
                  "accession": "XM_029487046",
                  "title": "PREDICTED: Acyrthosiphon pisum titin (LOC100160310), transcript variant X13, mRNA",
                  "taxid": 7029,
                  "sciname": "Acyrthosiphon pisum"
                }
              ],
              "len": 50053,
              "hsps": [
                {
                  "num": 1,
                  "bit_score": 39.157,
                  "score": 42,
                  "evalue": 1.29195,
                  "identity": 26,
                  "query_from": 13,
                  "query_to": 40,
                  "query_strand": "Plus",
                  "hit_from": 26823,
                  "hit_to": 26849,
                  "hit_strand": "Plus",
                  "align_len": 28,
                  "gaps": 1,
                  "qseq": "GAAGTTAATAAACCTGTTAATTGGTACA",
                  "hseq": "GAAGTTAATAAACC-GTTATTTGGTACA",
                  "midline": "|||||||||||||| |||| ||||||||"
                }
              ]
            },
            {
              "num": 46,
              "description": [
                {
                  "id": "gi|1685536738|ref|XM_029487045.1|",
                  "accession": "XM_029487045",
                  "title": "PREDICTED: Acyrthosiphon pisum titin (LOC100160310), transcript variant X12, mRNA",
                  "taxid": 7029,
                  "sciname": "Acyrthosiphon pisum"
                }
              ],
              "len": 50086,
              "hsps": [
                {
                  "num": 1,
                  "bit_score": 39.157,
                  "score": 42,
                  "evalue": 1.29195,
                  "identity": 26,
                  "query_from": 13,
                  "query_to": 40,
                  "query_strand": "Plus",
                  "hit_from": 26856,
                  "hit_to": 26882,
                  "hit_strand": "Plus",
                  "align_len": 28,
                  "gaps": 1,
                  "qseq": "GAAGTTAATAAACCTGTTAATTGGTACA",
                  "hseq": "GAAGTTAATAAACC-GTTATTTGGTACA",
                  "midline": "|||||||||||||| |||| ||||||||"
                }
              ]
            },
            {
              "num": 47,
              "description": [
                {
                  "id": "gi|1685536736|ref|XM_029487044.1|",
                  "accession": "XM_029487044",
                  "title": "PREDICTED: Acyrthosiphon pisum titin (LOC100160310), transcript variant X11, mRNA",
                  "taxid": 7029,
                  "sciname": "Acyrthosiphon pisum"
                }
              ],
              "len": 50310,
              "hsps": [
                {
                  "num": 1,
                  "bit_score": 39.157,
                  "score": 42,
                  "evalue": 1.29195,
                  "identity": 26,
                  "query_from": 13,
                  "query_to": 40,
                  "query_strand": "Plus",
                  "hit_from": 27080,
                  "hit_to": 27106,
                  "hit_strand": "Plus",
                  "align_len": 28,
                  "gaps": 1,
                  "qseq": "GAAGTTAATAAACCTGTTAATTGGTACA",
                  "hseq": "GAAGTTAATAAACC-GTTATTTGGTACA",
                  "midline": "|||||||||||||| |||| ||||||||"
                }
              ]
            },
            {
              "num": 48,
              "description": [
                {
                  "id": "gi|1685536734|ref|XM_029487043.1|",
                  "accession": "XM_029487043",
                  "title": "PREDICTED: Acyrthosiphon pisum titin (LOC100160310), transcript variant X10, mRNA",
                  "taxid": 7029,
                  "sciname": "Acyrthosiphon pisum"
                }
              ],
              "len": 50194,
              "hsps": [
                {
                  "num": 1,
                  "bit_score": 39.157,
                  "score": 42,
                  "evalue": 1.29195,
                  "identity": 26,
                  "query_from": 13,
                  "query_to": 40,
                  "query_strand": "Plus",
                  "hit_from": 26964,
                  "hit_to": 26990,
                  "hit_strand": "Plus",
                  "align_len": 28,
                  "gaps": 1,
                  "qseq": "GAAGTTAATAAACCTGTTAATTGGTACA",
                  "hseq": "GAAGTTAATAAACC-GTTATTTGGTACA",
                  "midline": "|||||||||||||| |||| ||||||||"
                }
              ]
            },
            {
              "num": 49,
              "description": [
                {
                  "id": "gi|1685536732|ref|XM_029487042.1|",
                  "accession": "XM_029487042",
                  "title": "PREDICTED: Acyrthosiphon pisum titin (LOC100160310), transcript variant X9, mRNA",
                  "taxid": 7029,
                  "sciname": "Acyrthosiphon pisum"
                }
              ],
              "len": 50239,
              "hsps": [
                {
                  "num": 1,
                  "bit_score": 39.157,
                  "score": 42,
                  "evalue": 1.29195,
                  "identity": 26,
                  "query_from": 13,
                  "query_to": 40,
                  "query_strand": "Plus",
                  "hit_from": 27009,
                  "hit_to": 27035,
                  "hit_strand": "Plus",
                  "align_len": 28,
                  "gaps": 1,
                  "qseq": "GAAGTTAATAAACCTGTTAATTGGTACA",
                  "hseq": "GAAGTTAATAAACC-GTTATTTGGTACA",
                  "midline": "|||||||||||||| |||| ||||||||"
                }
              ]
            },
            {
              "num": 50,
              "description": [
                {
                  "id": "gi|1685536730|ref|XM_029487041.1|",
                  "accession": "XM_029487041",
                  "title": "PREDICTED: Acyrthosiphon pisum titin (LOC100160310), transcript variant X8, mRNA",
                  "taxid": 7029,
                  "sciname": "Acyrthosiphon pisum"
                }
              ],
              "len": 50425,
              "hsps": [
                {
                  "num": 1,
                  "bit_score": 39.157,
                  "score": 42,
                  "evalue": 1.29195,
                  "identity": 26,
                  "query_from": 13,
                  "query_to": 40,
                  "query_strand": "Plus",
                  "hit_from": 27195,
                  "hit_to": 27221,
                  "hit_strand": "Plus",
                  "align_len": 28,
                  "gaps": 1,
                  "qseq": "GAAGTTAATAAACCTGTTAATTGGTACA",
                  "hseq": "GAAGTTAATAAACC-GTTATTTGGTACA",
                  "midline": "|||||||||||||| |||| ||||||||"
                }
              ]
            },
            {
              "num": 51,
              "description": [
                {
                  "id": "gi|1685536728|ref|XM_029487040.1|",
                  "accession": "XM_029487040",
                  "title": "PREDICTED: Acyrthosiphon pisum titin (LOC100160310), transcript variant X7, mRNA",
                  "taxid": 7029,
                  "sciname": "Acyrthosiphon pisum"
                }
              ],
              "len": 50425,
              "hsps": [
                {
                  "num": 1,
                  "bit_score": 39.157,
                  "score": 42,
                  "evalue": 1.29195,
                  "identity": 26,
                  "query_from": 13,
                  "query_to": 40,
                  "query_strand": "Plus",
                  "hit_from": 27195,
                  "hit_to": 27221,
                  "hit_strand": "Plus",
                  "align_len": 28,
                  "gaps": 1,
                  "qseq": "GAAGTTAATAAACCTGTTAATTGGTACA",
                  "hseq": "GAAGTTAATAAACC-GTTATTTGGTACA",
                  "midline": "|||||||||||||| |||| ||||||||"
                }
              ]
            },
            {
              "num": 52,
              "description": [
                {
                  "id": "gi|1685536726|ref|XM_029487039.1|",
                  "accession": "XM_029487039",
                  "title": "PREDICTED: Acyrthosiphon pisum titin (LOC100160310), transcript variant X6, mRNA",
                  "taxid": 7029,
                  "sciname": "Acyrthosiphon pisum"
                }
              ],
              "len": 50425,
              "hsps": [
                {
                  "num": 1,
                  "bit_score": 39.157,
                  "score": 42,
                  "evalue": 1.29195,
                  "identity": 26,
                  "query_from": 13,
                  "query_to": 40,
                  "query_strand": "Plus",
                  "hit_from": 27195,
                  "hit_to": 27221,
                  "hit_strand": "Plus",
                  "align_len": 28,
                  "gaps": 1,
                  "qseq": "GAAGTTAATAAACCTGTTAATTGGTACA",
                  "hseq": "GAAGTTAATAAACC-GTTATTTGGTACA",
                  "midline": "|||||||||||||| |||| ||||||||"
                }
              ]
            },
            {
              "num": 53,
              "description": [
                {
                  "id": "gi|1685536724|ref|XM_029487038.1|",
                  "accession": "XM_029487038",
                  "title": "PREDICTED: Acyrthosiphon pisum titin (LOC100160310), transcript variant X5, mRNA",
                  "taxid": 7029,
                  "sciname": "Acyrthosiphon pisum"
                }
              ],
              "len": 50578,
              "hsps": [
                {
                  "num": 1,
                  "bit_score": 39.157,
                  "score": 42,
                  "evalue": 1.29195,
                  "identity": 26,
                  "query_from": 13,
                  "query_to": 40,
                  "query_strand": "Plus",
                  "hit_from": 27348,
                  "hit_to": 27374,
                  "hit_strand": "Plus",
                  "align_len": 28,
                  "gaps": 1,
                  "qseq": "GAAGTTAATAAACCTGTTAATTGGTACA",
                  "hseq": "GAAGTTAATAAACC-GTTATTTGGTACA",
                  "midline": "|||||||||||||| |||| ||||||||"
                }
              ]
            },
            {
              "num": 54,
              "description": [
                {
                  "id": "gi|1685536722|ref|XM_029487037.1|",
                  "accession": "XM_029487037",
                  "title": "PREDICTED: Acyrthosiphon pisum titin (LOC100160310), transcript variant X4, mRNA",
                  "taxid": 7029,
                  "sciname": "Acyrthosiphon pisum"
                }
              ],
              "len": 50611,
              "hsps": [
                {
                  "num": 1,
                  "bit_score": 39.157,
                  "score": 42,
                  "evalue": 1.29195,
                  "identity": 26,
                  "query_from": 13,
                  "query_to": 40,
                  "query_strand": "Plus",
                  "hit_from": 27381,
                  "hit_to": 27407,
                  "hit_strand": "Plus",
                  "align_len": 28,
                  "gaps": 1,
                  "qseq": "GAAGTTAATAAACCTGTTAATTGGTACA",
                  "hseq": "GAAGTTAATAAACC-GTTATTTGGTACA",
                  "midline": "|||||||||||||| |||| ||||||||"
                }
              ]
            },
            {
              "num": 55,
              "description": [
                {
                  "id": "gi|1685536720|ref|XM_029487036.1|",
                  "accession": "XM_029487036",
                  "title": "PREDICTED: Acyrthosiphon pisum titin (LOC100160310), transcript variant X3, mRNA",
                  "taxid": 7029,
                  "sciname": "Acyrthosiphon pisum"
                }
              ],
              "len": 50689,
              "hsps": [
                {
                  "num": 1,
                  "bit_score": 39.157,
                  "score": 42,
                  "evalue": 1.29195,
                  "identity": 26,
                  "query_from": 13,
                  "query_to": 40,
                  "query_strand": "Plus",
                  "hit_from": 27534,
                  "hit_to": 27560,
                  "hit_strand": "Plus",
                  "align_len": 28,
                  "gaps": 1,
                  "qseq": "GAAGTTAATAAACCTGTTAATTGGTACA",
                  "hseq": "GAAGTTAATAAACC-GTTATTTGGTACA",
                  "midline": "|||||||||||||| |||| ||||||||"
                }
              ]
            },
            {
              "num": 56,
              "description": [
                {
                  "id": "gi|1685536718|ref|XM_029487035.1|",
                  "accession": "XM_029487035",
                  "title": "PREDICTED: Acyrthosiphon pisum titin (LOC100160310), transcript variant X2, mRNA",
                  "taxid": 7029,
                  "sciname": "Acyrthosiphon pisum"
                }
              ],
              "len": 50774,
              "hsps": [
                {
                  "num": 1,
                  "bit_score": 39.157,
                  "score": 42,
                  "evalue": 1.29195,
                  "identity": 26,
                  "query_from": 13,
                  "query_to": 40,
                  "query_strand": "Plus",
                  "hit_from": 27534,
                  "hit_to": 27560,
                  "hit_strand": "Plus",
                  "align_len": 28,
                  "gaps": 1,
                  "qseq": "GAAGTTAATAAACCTGTTAATTGGTACA",
                  "hseq": "GAAGTTAATAAACC-GTTATTTGGTACA",
                  "midline": "|||||||||||||| |||| ||||||||"
                }
              ]
            },
            {
              "num": 57,
              "description": [
                {
                  "id": "gi|1685536716|ref|XM_029487034.1|",
                  "accession": "XM_029487034",
                  "title": "PREDICTED: Acyrthosiphon pisum titin (LOC100160310), transcript variant X1, mRNA",
                  "taxid": 7029,
                  "sciname": "Acyrthosiphon pisum"
                }
              ],
              "len": 50764,
              "hsps": [
                {
                  "num": 1,
                  "bit_score": 39.157,
                  "score": 42,
                  "evalue": 1.29195,
                  "identity": 26,
                  "query_from": 13,
                  "query_to": 40,
                  "query_strand": "Plus",
                  "hit_from": 27534,
                  "hit_to": 27560,
                  "hit_strand": "Plus",
                  "align_len": 28,
                  "gaps": 1,
                  "qseq": "GAAGTTAATAAACCTGTTAATTGGTACA",
                  "hseq": "GAAGTTAATAAACC-GTTATTTGGTACA",
                  "midline": "|||||||||||||| |||| ||||||||"
                }
              ]
            },
            {
              "num": 58,
              "description": [
                {
                  "id": "gi|1390654517|ref|XM_015933959.2|",
                  "accession": "XM_015933959",
                  "title": "PREDICTED: Tetranychus urticae 3-oxoacyl-[acyl-carrier-protein] synthase, mitochondrial (LOC107366373), mRNA",
                  "taxid": 32264,
                  "sciname": "Tetranychus urticae"
                }
              ],
              "len": 1537,
              "hsps": [
                {
                  "num": 1,
                  "bit_score": 39.157,
                  "score": 42,
                  "evalue": 1.29195,
                  "identity": 24,
                  "query_from": 15,
                  "query_to": 40,
                  "query_strand": "Plus",
                  "hit_from": 1267,
                  "hit_to": 1292,
                  "hit_strand": "Plus",
                  "align_len": 26,
                  "gaps": 0,
                  "qseq": "AGTTAATAAACCTGTTAATTGGTACA",
                  "hseq": "AGCTAATAAACCTGTTAATTGGGACA",
                  "midline": "|| ||||||||||||||||||| |||"
                }
              ]
            },
            {
              "num": 59,
              "description": [
                {
                  "id": "gi|1213460577|gb|CP022132.1|",
                  "accession": "CP022132",
                  "title": "Francisella halioticida strain DSM 23729, complete genome",
                  "taxid": 549298,
                  "sciname": "Francisella halioticida"
                }
              ],
              "len": 2197430,
              "hsps": [
                {
                  "num": 1,
                  "bit_score": 39.157,
                  "score": 42,
                  "evalue": 1.29195,
                  "identity": 24,
                  "query_from": 1,
                  "query_to": 26,
                  "query_strand": "Plus",
                  "hit_from": 1795814,
                  "hit_to": 1795789,
                  "hit_strand": "Minus",
                  "align_len": 26,
                  "gaps": 0,
                  "qseq": "TTTGCTGATGGTGAAGTTAATAAACC",
                  "hseq": "TTGGCTGATGGTGAAGCTAATAAACC",
                  "midline": "|| ||||||||||||| |||||||||"
                }
              ]
            },
            {
              "num": 60,
              "description": [
                {
                  "id": "gi|1171874157|gb|CP020472.1|",
                  "accession": "CP020472",
                  "title": "Shewanella japonica strain KCTC 22435 chromosome, complete genome",
                  "taxid": 93973,
                  "sciname": "Shewanella japonica"
                }
              ],
              "len": 4975677,
              "hsps": [
                {
                  "num": 1,
                  "bit_score": 39.157,
                  "score": 42,
                  "evalue": 1.29195,
                  "identity": 21,
                  "query_from": 8,
                  "query_to": 28,
                  "query_strand": "Plus",
                  "hit_from": 2834934,
                  "hit_to": 2834914,
                  "hit_strand": "Minus",
                  "align_len": 21,
                  "gaps": 0,
                  "qseq": "ATGGTGAAGTTAATAAACCTG",
                  "hseq": "ATGGTGAAGTTAATAAACCTG",
                  "midline": "|||||||||||||||||||||"
                }
              ]
            },
            {
              "num": 61,
              "description": [
                {
                  "id": "gi|704494094|ref|XM_010077965.1|",
                  "accession": "XM_010077965",
                  "title": "PREDICTED: Pterocles gutturalis lysosomal trafficking regulator (LYST), mRNA",
                  "taxid": 240206,
                  "sciname": "Pterocles gutturalis"
                }
              ],
              "len": 11760,
              "hsps": [
                {
                  "num": 1,
                  "bit_score": 39.157,
                  "score": 42,
                  "evalue": 1.29195,
                  "identity": 24,
                  "query_from": 3,
                  "query_to": 28,
                  "query_strand": "Plus",
                  "hit_from": 1623,
                  "hit_to": 1648,
                  "hit_strand": "Plus",
                  "align_len": 26,
                  "gaps": 0,
                  "qseq": "TGCTGATGGTGAAGTTAATAAACCTG",
                  "hseq": "TGCTGATGGTGAAGTTAATTATCCTG",
                  "midline": "||||||||||||||||||| | ||||"
                }
              ]
            }
          ],
          "stat": {
            "db_num": 56611368,
            "db_len": 265677968464,
            "hsp_len": 0,
            "eff_space": 0,
            "kappa": 0.41,
            "lambda": 0.625,
            "entropy": 0.78
          }
        }
      }
    }
  }
}
