{
  "BlastOutput2": {
    "report": {
      "program": "blastn",
      "version": "BLASTN 2.10.0+",
      "reference": "Stephen F. Altschul, Thomas L. Madden, Alejandro A. Sch&auml;ffer, Jinghui Zhang, Zheng Zhang, Webb Miller, and David J. Lipman (1997), \"Gapped BLAST and PSI-BLAST: a new generation of protein database search programs\", Nucleic Acids Res. 25:3389-3402.",
      "search_target": {
        "db": "nt_v5"
      },
      "params": {
        "expect": 10,
        "sc_match": 2,
        "sc_mismatch": -3,
        "gap_open": 5,
        "gap_extend": 2,
        "filter": "L;m;"
      },
      "results": {
        "search": {
          "query_id": "Query_12528",
          "query_title": "Insertion Seq 146",
          "query_len": 24,
          "hits": [
            {
              "num": 1,
              "description": [
                {
                  "id": "gi|1626660501|gb|CP039354.1|",
                  "accession": "CP039354",
                  "title": "Vigna unguiculata cultivar Xiabao 2 chromosome Vu05",
                  "taxid": 3917,
                  "sciname": "Vigna unguiculata"
                }
              ],
              "len": 60576755,
              "hsps": [
                {
                  "num": 1,
                  "bit_score": 37.3537,
                  "score": 40,
                  "evalue": 4.50935,
                  "identity": 20,
                  "query_from": 3,
                  "query_to": 22,
                  "query_strand": "Plus",
                  "hit_from": 50259208,
                  "hit_to": 50259227,
                  "hit_strand": "Plus",
                  "align_len": 20,
                  "gaps": 0,
                  "qseq": "CTCCAAGGATACTTCTAATC",
                  "hseq": "CTCCAAGGATACTTCTAATC",
                  "midline": "||||||||||||||||||||"
                }
              ]
            }
          ],
          "stat": {
            "db_num": 56611368,
            "db_len": 265677968464,
            "hsp_len": 0,
            "eff_space": 0,
            "kappa": 0.41,
            "lambda": 0.625,
            "entropy": 0.78
          }
        }
      }
    }
  }
}
