{
  "BlastOutput2": {
    "report": {
      "program": "blastn",
      "version": "BLASTN 2.10.0+",
      "reference": "Stephen F. Altschul, Thomas L. Madden, Alejandro A. Sch&auml;ffer, Jinghui Zhang, Zheng Zhang, Webb Miller, and David J. Lipman (1997), \"Gapped BLAST and PSI-BLAST: a new generation of protein database search programs\", Nucleic Acids Res. 25:3389-3402.",
      "search_target": {
        "db": "nt_v5"
      },
      "params": {
        "expect": 10,
        "sc_match": 2,
        "sc_mismatch": -3,
        "gap_open": 5,
        "gap_extend": 2,
        "filter": "L;m;"
      },
      "results": {
        "search": {
          "query_id": "Query_12492",
          "query_title": "Insertion Seq 110",
          "query_len": 21,
          "hits": [
            {
              "num": 1,
              "description": [
                {
                  "id": "gi|1389573677|ref|XM_016016052.2|",
                  "accession": "XM_016016052",
                  "title": "PREDICTED: Ziziphus jujuba F-box/LRR-repeat protein 14 (LOC107408641), mRNA",
                  "taxid": 326968,
                  "sciname": "Ziziphus jujuba"
                }
              ],
              "len": 1881,
              "hsps": [
                {
                  "num": 1,
                  "bit_score": 37.3537,
                  "score": 40,
                  "evalue": 4.50935,
                  "identity": 20,
                  "query_from": 2,
                  "query_to": 21,
                  "query_strand": "Plus",
                  "hit_from": 1585,
                  "hit_to": 1566,
                  "hit_strand": "Minus",
                  "align_len": 20,
                  "gaps": 0,
                  "qseq": "TGTATGATCCCACAAGTGGC",
                  "hseq": "TGTATGATCCCACAAGTGGC",
                  "midline": "||||||||||||||||||||"
                }
              ]
            }
          ],
          "stat": {
            "db_num": 56611368,
            "db_len": 265677968464,
            "hsp_len": 0,
            "eff_space": 0,
            "kappa": 0.41,
            "lambda": 0.625,
            "entropy": 0.78
          }
        }
      }
    }
  }
}
