{
  "BlastOutput2": {
    "report": {
      "program": "blastn",
      "version": "BLASTN 2.10.0+",
      "reference": "Stephen F. Altschul, Thomas L. Madden, Alejandro A. Sch&auml;ffer, Jinghui Zhang, Zheng Zhang, Webb Miller, and David J. Lipman (1997), \"Gapped BLAST and PSI-BLAST: a new generation of protein database search programs\", Nucleic Acids Res. 25:3389-3402.",
      "search_target": {
        "db": "nt_v5"
      },
      "params": {
        "expect": 10,
        "sc_match": 2,
        "sc_mismatch": -3,
        "gap_open": 5,
        "gap_extend": 2,
        "filter": "L;m;"
      },
      "results": {
        "search": {
          "query_id": "Query_12443",
          "query_title": "Insertion Seq 61",
          "query_len": 30,
          "hits": [
            {
              "num": 1,
              "description": [
                {
                  "id": "gi|60301736|gb|AC154480.2|",
                  "accession": "AC154480",
                  "title": "Mus musculus BAC clone RP24-135M1 from 13, complete sequence",
                  "taxid": 10090,
                  "sciname": "Mus musculus"
                }
              ],
              "len": 171846,
              "hsps": [
                {
                  "num": 1,
                  "bit_score": 40.9604,
                  "score": 44,
                  "evalue": 0.37015,
                  "identity": 25,
                  "query_from": 4,
                  "query_to": 30,
                  "query_strand": "Plus",
                  "hit_from": 105192,
                  "hit_to": 105218,
                  "hit_strand": "Plus",
                  "align_len": 27,
                  "gaps": 0,
                  "qseq": "CACCCAACAAGGCCACCAAACACCCAG",
                  "hseq": "CACCCAACAAGGTGACCAAACACCCAG",
                  "midline": "||||||||||||  |||||||||||||"
                }
              ]
            },
            {
              "num": 2,
              "description": [
                {
                  "id": "gi|1340475382|ref|XM_023908815.1|",
                  "accession": "XM_023908815",
                  "title": "PREDICTED: Lactuca sativa pentatricopeptide repeat-containing protein At2g03380, mitochondrial (LOC111913087), mRNA",
                  "taxid": 4236,
                  "sciname": "Lactuca sativa"
                }
              ],
              "len": 1752,
              "hsps": [
                {
                  "num": 1,
                  "bit_score": 40.0587,
                  "score": 43,
                  "evalue": 1.29195,
                  "identity": 26,
                  "query_from": 1,
                  "query_to": 29,
                  "query_strand": "Plus",
                  "hit_from": 1606,
                  "hit_to": 1578,
                  "hit_strand": "Minus",
                  "align_len": 29,
                  "gaps": 0,
                  "qseq": "AACCACCCAACAAGGCCACCAAACACCCA",
                  "hseq": "AACGAGCCAACAAGTCCACCAAACACCCA",
                  "midline": "||| | |||||||| ||||||||||||||"
                }
              ]
            },
            {
              "num": 3,
              "description": [
                {
                  "id": "gi|46559261|emb|BX855617.8|",
                  "accession": "BX855617",
                  "title": "Zebrafish DNA sequence from clone DKEYP-123H10 in linkage group 1, complete sequence",
                  "taxid": 7955,
                  "sciname": "Danio rerio"
                }
              ],
              "len": 160094,
              "hsps": [
                {
                  "num": 1,
                  "bit_score": 40.0587,
                  "score": 43,
                  "evalue": 1.29195,
                  "identity": 23,
                  "query_from": 4,
                  "query_to": 27,
                  "query_strand": "Plus",
                  "hit_from": 138203,
                  "hit_to": 138226,
                  "hit_strand": "Plus",
                  "align_len": 24,
                  "gaps": 0,
                  "qseq": "CACCCAACAAGGCCACCAAACACC",
                  "hseq": "CACCCAAAAAGGCCACCAAACACC",
                  "midline": "||||||| ||||||||||||||||"
                }
              ]
            },
            {
              "num": 4,
              "description": [
                {
                  "id": "gi|1695378236|emb|LR597438.1|",
                  "accession": "LR597438",
                  "title": "Salarias fasciatus genome assembly, chromosome: 3",
                  "taxid": 181472,
                  "sciname": "Salarias fasciatus"
                }
              ],
              "len": 30411982,
              "hsps": [
                {
                  "num": 1,
                  "bit_score": 39.157,
                  "score": 42,
                  "evalue": 1.29195,
                  "identity": 24,
                  "query_from": 2,
                  "query_to": 27,
                  "query_strand": "Plus",
                  "hit_from": 216457,
                  "hit_to": 216482,
                  "hit_strand": "Plus",
                  "align_len": 26,
                  "gaps": 0,
                  "qseq": "ACCACCCAACAAGGCCACCAAACACC",
                  "hseq": "ACCACCAAACAGGGCCACCAAACACC",
                  "midline": "|||||| |||| ||||||||||||||"
                },
                {
                  "num": 2,
                  "bit_score": 39.157,
                  "score": 42,
                  "evalue": 1.29195,
                  "identity": 24,
                  "query_from": 2,
                  "query_to": 27,
                  "query_strand": "Plus",
                  "hit_from": 216660,
                  "hit_to": 216685,
                  "hit_strand": "Plus",
                  "align_len": 26,
                  "gaps": 0,
                  "qseq": "ACCACCCAACAAGGCCACCAAACACC",
                  "hseq": "ACCACCAAACAGGGCCACCAAACACC",
                  "midline": "|||||| |||| ||||||||||||||"
                }
              ]
            },
            {
              "num": 5,
              "description": [
                {
                  "id": "gi|1091691551|ref|XM_018824825.1|",
                  "accession": "XM_018824825",
                  "title": "PREDICTED: Musa acuminata subsp. malaccensis glycine-rich cell wall structural protein-like (LOC108952579), mRNA",
                  "taxid": 214687,
                  "sciname": "Musa acuminata subsp. malaccensis"
                }
              ],
              "len": 918,
              "hsps": [
                {
                  "num": 1,
                  "bit_score": 39.157,
                  "score": 42,
                  "evalue": 1.29195,
                  "identity": 24,
                  "query_from": 1,
                  "query_to": 26,
                  "query_strand": "Plus",
                  "hit_from": 527,
                  "hit_to": 502,
                  "hit_strand": "Minus",
                  "align_len": 26,
                  "gaps": 0,
                  "qseq": "AACCACCCAACAAGGCCACCAAACAC",
                  "hseq": "AACCACCCACCAAGTCCACCAAACAC",
                  "midline": "||||||||| |||| |||||||||||"
                }
              ]
            },
            {
              "num": 6,
              "description": [
                {
                  "id": "gi|687166139|emb|LN054215.1|",
                  "accession": "LN054215",
                  "title": "Spirometra erinaceieuropaei genome assembly S_erinaceieuropaei ,scaffold SPER_scaffold0052673",
                  "taxid": 99802,
                  "sciname": "Spirometra erinaceieuropaei"
                }
              ],
              "len": 5695,
              "hsps": [
                {
                  "num": 1,
                  "bit_score": 39.157,
                  "score": 42,
                  "evalue": 1.29195,
                  "identity": 24,
                  "query_from": 3,
                  "query_to": 28,
                  "query_strand": "Plus",
                  "hit_from": 3265,
                  "hit_to": 3290,
                  "hit_strand": "Plus",
                  "align_len": 26,
                  "gaps": 0,
                  "qseq": "CCACCCAACAAGGCCACCAAACACCC",
                  "hseq": "CCACCCAACAAGGGCACCAAATACCC",
                  "midline": "||||||||||||| ||||||| ||||"
                }
              ]
            },
            {
              "num": 7,
              "description": [
                {
                  "id": "gi|1607527700|ref|XM_028624962.1|",
                  "accession": "XM_028624962",
                  "title": "Apiotrichum porosum hypothetical protein (EHS24_009692), partial mRNA",
                  "taxid": 105984,
                  "sciname": "Apiotrichum porosum"
                }
              ],
              "len": 825,
              "hsps": [
                {
                  "num": 1,
                  "bit_score": 38.2554,
                  "score": 41,
                  "evalue": 4.50935,
                  "identity": 22,
                  "query_from": 5,
                  "query_to": 27,
                  "query_strand": "Plus",
                  "hit_from": 66,
                  "hit_to": 88,
                  "hit_strand": "Plus",
                  "align_len": 23,
                  "gaps": 0,
                  "qseq": "ACCCAACAAGGCCACCAAACACC",
                  "hseq": "ACCCACCAAGGCCACCAAACACC",
                  "midline": "||||| |||||||||||||||||"
                }
              ]
            },
            {
              "num": 8,
              "description": [
                {
                  "id": "gi|1191817057|ref|XM_021065476.1|",
                  "accession": "XM_021065476",
                  "title": "PREDICTED: Sus scrofa phospholipid-transporting ATPase IB (LOC100523747), transcript variant X2, mRNA",
                  "taxid": 9823,
                  "sciname": "Sus scrofa"
                }
              ],
              "len": 8180,
              "hsps": [
                {
                  "num": 1,
                  "bit_score": 38.2554,
                  "score": 41,
                  "evalue": 4.50935,
                  "identity": 25,
                  "query_from": 3,
                  "query_to": 30,
                  "query_strand": "Plus",
                  "hit_from": 4699,
                  "hit_to": 4726,
                  "hit_strand": "Plus",
                  "align_len": 28,
                  "gaps": 0,
                  "qseq": "CCACCCAACAAGGCCACCAAACACCCAG",
                  "hseq": "CCACCAGAGAAGGCCACCAAACACCCAG",
                  "midline": "|||||  | |||||||||||||||||||"
                }
              ]
            },
            {
              "num": 9,
              "description": [
                {
                  "id": "gi|1129046025|gb|CP006178.2|",
                  "accession": "CP006178",
                  "title": "Saccharomyces cerevisiae YJM1383 chromosome XVI sequence",
                  "taxid": 1294356,
                  "sciname": "Saccharomyces cerevisiae YJM1383"
                }
              ],
              "len": 931094,
              "hsps": [
                {
                  "num": 1,
                  "bit_score": 38.2554,
                  "score": 41,
                  "evalue": 4.50935,
                  "identity": 22,
                  "query_from": 3,
                  "query_to": 25,
                  "query_strand": "Plus",
                  "hit_from": 20449,
                  "hit_to": 20471,
                  "hit_strand": "Plus",
                  "align_len": 23,
                  "gaps": 0,
                  "qseq": "CCACCCAACAAGGCCACCAAACA",
                  "hseq": "CCACCAAACAAGGCCACCAAACA",
                  "midline": "||||| |||||||||||||||||"
                }
              ]
            },
            {
              "num": 10,
              "description": [
                {
                  "id": "gi|1048237138|gb|CP005646.2|",
                  "accession": "CP005646",
                  "title": "Saccharomyces cerevisiae YJM1381 chromosome XV sequence",
                  "taxid": 1294355,
                  "sciname": "Saccharomyces cerevisiae YJM1381"
                }
              ],
              "len": 1062842,
              "hsps": [
                {
                  "num": 1,
                  "bit_score": 38.2554,
                  "score": 41,
                  "evalue": 4.50935,
                  "identity": 22,
                  "query_from": 3,
                  "query_to": 25,
                  "query_strand": "Plus",
                  "hit_from": 1045577,
                  "hit_to": 1045555,
                  "hit_strand": "Minus",
                  "align_len": 23,
                  "gaps": 0,
                  "qseq": "CCACCCAACAAGGCCACCAAACA",
                  "hseq": "CCACCAAACAAGGCCACCAAACA",
                  "midline": "||||| |||||||||||||||||"
                }
              ]
            },
            {
              "num": 11,
              "description": [
                {
                  "id": "gi|1028066136|gb|CP005542.2|",
                  "accession": "CP005542",
                  "title": "Saccharomyces cerevisiae YJM1307 chromosome XIV sequence",
                  "taxid": 1294345,
                  "sciname": "Saccharomyces cerevisiae YJM1307"
                }
              ],
              "len": 753357,
              "hsps": [
                {
                  "num": 1,
                  "bit_score": 38.2554,
                  "score": 41,
                  "evalue": 4.50935,
                  "identity": 22,
                  "query_from": 3,
                  "query_to": 25,
                  "query_strand": "Plus",
                  "hit_from": 6935,
                  "hit_to": 6957,
                  "hit_strand": "Plus",
                  "align_len": 23,
                  "gaps": 0,
                  "qseq": "CCACCCAACAAGGCCACCAAACA",
                  "hseq": "CCACCAAACAAGGCCACCAAACA",
                  "midline": "||||| |||||||||||||||||"
                }
              ]
            },
            {
              "num": 12,
              "description": [
                {
                  "id": "gi|1024799107|gb|CP005401.2|",
                  "accession": "CP005401",
                  "title": "Saccharomyces cerevisiae YJM428 chromosome XIII sequence",
                  "taxid": 947044,
                  "sciname": "Saccharomyces cerevisiae YJM428"
                }
              ],
              "len": 910751,
              "hsps": [
                {
                  "num": 1,
                  "bit_score": 38.2554,
                  "score": 41,
                  "evalue": 4.50935,
                  "identity": 22,
                  "query_from": 3,
                  "query_to": 25,
                  "query_strand": "Plus",
                  "hit_from": 903849,
                  "hit_to": 903827,
                  "hit_strand": "Minus",
                  "align_len": 23,
                  "gaps": 0,
                  "qseq": "CCACCCAACAAGGCCACCAAACA",
                  "hseq": "CCACCAAACAAGGCCACCAAACA",
                  "midline": "||||| |||||||||||||||||"
                }
              ]
            },
            {
              "num": 13,
              "description": [
                {
                  "id": "gi|953417446|ref|XM_014695309.1|",
                  "accession": "XM_014695309",
                  "title": "Bipolaris victoriae FI3 hypothetical protein partial mRNA",
                  "taxid": 930091,
                  "sciname": "Bipolaris victoriae FI3"
                }
              ],
              "len": 864,
              "hsps": [
                {
                  "num": 1,
                  "bit_score": 38.2554,
                  "score": 41,
                  "evalue": 4.50935,
                  "identity": 25,
                  "query_from": 2,
                  "query_to": 29,
                  "query_strand": "Plus",
                  "hit_from": 496,
                  "hit_to": 469,
                  "hit_strand": "Minus",
                  "align_len": 28,
                  "gaps": 0,
                  "qseq": "ACCACCCAACAAGGCCACCAAACACCCA",
                  "hseq": "ACCACACAACAAGGCCAACAAACATCCA",
                  "midline": "||||| ||||||||||| |||||| |||"
                }
              ]
            },
            {
              "num": 14,
              "description": [
                {
                  "id": "gi|629654452|ref|XM_007805037.1|",
                  "accession": "XM_007805037",
                  "title": "Endocarpon pusillum Z07020 hypothetical protein mRNA",
                  "taxid": 1263415,
                  "sciname": "Endocarpon pusillum Z07020"
                }
              ],
              "len": 1884,
              "hsps": [
                {
                  "num": 1,
                  "bit_score": 38.2554,
                  "score": 41,
                  "evalue": 4.50935,
                  "identity": 25,
                  "query_from": 1,
                  "query_to": 28,
                  "query_strand": "Plus",
                  "hit_from": 1863,
                  "hit_to": 1836,
                  "hit_strand": "Minus",
                  "align_len": 28,
                  "gaps": 0,
                  "qseq": "AACCACCCAACAAGGCCACCAAACACCC",
                  "hseq": "AACCACCCAACCGGGCCACCAAACGCCC",
                  "midline": "|||||||||||  ||||||||||| |||"
                }
              ]
            },
            {
              "num": 15,
              "description": [
                {
                  "id": "gi|1674370758|emb|LR584240.2|",
                  "accession": "LR584240",
                  "title": "Takifugu rubripes genome assembly, chromosome: 15",
                  "taxid": 31033,
                  "sciname": "Takifugu rubripes"
                }
              ],
              "len": 16705553,
              "hsps": [
                {
                  "num": 1,
                  "bit_score": 37.3537,
                  "score": 40,
                  "evalue": 4.50935,
                  "identity": 26,
                  "query_from": 1,
                  "query_to": 30,
                  "query_strand": "Plus",
                  "hit_from": 1402202,
                  "hit_to": 1402173,
                  "hit_strand": "Minus",
                  "align_len": 30,
                  "gaps": 0,
                  "qseq": "AACCACCCAACAAGGCCACCAAACACCCAG",
                  "hseq": "AACCACCCAACCAACCAACCAAACACCCAG",
                  "midline": "||||||||||| |  | |||||||||||||"
                }
              ]
            },
            {
              "num": 16,
              "description": [
                {
                  "id": "gi|1614056739|emb|LR584441.1|",
                  "accession": "LR584441",
                  "title": "Salmo trutta genome assembly, chromosome: 12",
                  "taxid": 8032,
                  "sciname": "Salmo trutta"
                }
              ],
              "len": 97529106,
              "hsps": [
                {
                  "num": 1,
                  "bit_score": 37.3537,
                  "score": 40,
                  "evalue": 4.50935,
                  "identity": 23,
                  "query_from": 6,
                  "query_to": 30,
                  "query_strand": "Plus",
                  "hit_from": 12049150,
                  "hit_to": 12049126,
                  "hit_strand": "Minus",
                  "align_len": 25,
                  "gaps": 0,
                  "qseq": "CCCAACAAGGCCACCAAACACCCAG",
                  "hseq": "CCCAGCAAGGCCACCAAACCCCCAG",
                  "midline": "|||| |||||||||||||| |||||"
                }
              ]
            },
            {
              "num": 17,
              "description": [
                {
                  "id": "gi|1614056716|emb|LR584418.1|",
                  "accession": "LR584418",
                  "title": "Salmo trutta genome assembly, chromosome: 29",
                  "taxid": 8032,
                  "sciname": "Salmo trutta"
                }
              ],
              "len": 46063367,
              "hsps": [
                {
                  "num": 1,
                  "bit_score": 37.3537,
                  "score": 40,
                  "evalue": 4.50935,
                  "identity": 23,
                  "query_from": 6,
                  "query_to": 30,
                  "query_strand": "Plus",
                  "hit_from": 33733578,
                  "hit_to": 33733554,
                  "hit_strand": "Minus",
                  "align_len": 25,
                  "gaps": 0,
                  "qseq": "CCCAACAAGGCCACCAAACACCCAG",
                  "hseq": "CCCAGCAAGGCCACCAAACCCCCAG",
                  "midline": "|||| |||||||||||||| |||||"
                }
              ]
            },
            {
              "num": 18,
              "description": [
                {
                  "id": "gi|1548994290|gb|CP034494.1|",
                  "accession": "CP034494",
                  "title": "Eukaryotic synthetic construct chromosome 16",
                  "taxid": 111789,
                  "sciname": "eukaryotic synthetic construct"
                },
                {
                  "id": "gi|1549096691|gb|CP034519.1|",
                  "accession": "CP034519",
                  "title": "Eukaryotic synthetic construct chromosome 16",
                  "taxid": 111789,
                  "sciname": "eukaryotic synthetic construct"
                }
              ],
              "len": 98200793,
              "hsps": [
                {
                  "num": 1,
                  "bit_score": 37.3537,
                  "score": 40,
                  "evalue": 4.50935,
                  "identity": 25,
                  "query_from": 5,
                  "query_to": 30,
                  "query_strand": "Plus",
                  "hit_from": 86848124,
                  "hit_to": 86848150,
                  "hit_strand": "Plus",
                  "align_len": 27,
                  "gaps": 1,
                  "qseq": "ACCCAACA-AGGCCACCAAACACCCAG",
                  "hseq": "ACCCAACAGAGGCCACCAAACTCCCAG",
                  "midline": "|||||||| |||||||||||| |||||"
                }
              ]
            },
            {
              "num": 19,
              "description": [
                {
                  "id": "gi|1375995056|gb|CP021330.1|",
                  "accession": "CP021330",
                  "title": "Maritalea myrionectae strain HL2708#5 chromosome, complete genome",
                  "taxid": 454601,
                  "sciname": "Maritalea myrionectae"
                }
              ],
              "len": 3380026,
              "hsps": [
                {
                  "num": 1,
                  "bit_score": 37.3537,
                  "score": 40,
                  "evalue": 4.50935,
                  "identity": 20,
                  "query_from": 10,
                  "query_to": 29,
                  "query_strand": "Plus",
                  "hit_from": 2208798,
                  "hit_to": 2208817,
                  "hit_strand": "Plus",
                  "align_len": 20,
                  "gaps": 0,
                  "qseq": "ACAAGGCCACCAAACACCCA",
                  "hseq": "ACAAGGCCACCAAACACCCA",
                  "midline": "||||||||||||||||||||"
                }
              ]
            },
            {
              "num": 20,
              "description": [
                {
                  "id": "gi|24418073|gb|AC093519.3|",
                  "accession": "AC093519",
                  "title": "Homo sapiens chromosome 16 clone RP11-107C10, complete sequence",
                  "taxid": 9606,
                  "sciname": "Homo sapiens"
                }
              ],
              "len": 165074,
              "hsps": [
                {
                  "num": 1,
                  "bit_score": 37.3537,
                  "score": 40,
                  "evalue": 4.50935,
                  "identity": 25,
                  "query_from": 5,
                  "query_to": 30,
                  "query_strand": "Plus",
                  "hit_from": 98712,
                  "hit_to": 98686,
                  "hit_strand": "Minus",
                  "align_len": 27,
                  "gaps": 1,
                  "qseq": "ACCCAACA-AGGCCACCAAACACCCAG",
                  "hseq": "ACCCAACAGAGGCCACCAAACTCCCAG",
                  "midline": "|||||||| |||||||||||| |||||"
                }
              ]
            }
          ],
          "stat": {
            "db_num": 56611368,
            "db_len": 265677968464,
            "hsp_len": 0,
            "eff_space": 0,
            "kappa": 0.41,
            "lambda": 0.625,
            "entropy": 0.78
          }
        }
      }
    }
  }
}
