{
  "BlastOutput2": {
    "report": {
      "program": "blastn",
      "version": "BLASTN 2.10.0+",
      "reference": "Stephen F. Altschul, Thomas L. Madden, Alejandro A. Sch&auml;ffer, Jinghui Zhang, Zheng Zhang, Webb Miller, and David J. Lipman (1997), \"Gapped BLAST and PSI-BLAST: a new generation of protein database search programs\", Nucleic Acids Res. 25:3389-3402.",
      "search_target": {
        "db": "nt_v5"
      },
      "params": {
        "expect": 10,
        "sc_match": 2,
        "sc_mismatch": -3,
        "gap_open": 5,
        "gap_extend": 2,
        "filter": "L;m;"
      },
      "results": {
        "search": {
          "query_id": "Query_12508",
          "query_title": "Insertion Seq 126",
          "query_len": 30,
          "hits": [
            {
              "num": 1,
              "description": [
                {
                  "id": "gi|1531804313|ref|XM_027328123.1|",
                  "accession": "XM_027328123",
                  "title": "PREDICTED: Coffea eugenioides protein GRAVITROPIC IN THE LIGHT 1 (LOC113782218), mRNA",
                  "taxid": 49369,
                  "sciname": "Coffea eugenioides"
                }
              ],
              "len": 1826,
              "hsps": [
                {
                  "num": 1,
                  "bit_score": 40.9604,
                  "score": 44,
                  "evalue": 0.37015,
                  "identity": 22,
                  "query_from": 9,
                  "query_to": 30,
                  "query_strand": "Plus",
                  "hit_from": 94,
                  "hit_to": 115,
                  "hit_strand": "Plus",
                  "align_len": 22,
                  "gaps": 0,
                  "qseq": "TGAGAATCTTACTAATACTACT",
                  "hseq": "TGAGAATCTTACTAATACTACT",
                  "midline": "||||||||||||||||||||||"
                }
              ]
            },
            {
              "num": 2,
              "description": [
                {
                  "id": "gi|998157363|gb|CP014265.1|",
                  "accession": "CP014265",
                  "title": "Methanobrevibacter olleyae strain YLM1, complete genome",
                  "taxid": 294671,
                  "sciname": "Methanobrevibacter olleyae"
                }
              ],
              "len": 2201192,
              "hsps": [
                {
                  "num": 1,
                  "bit_score": 39.157,
                  "score": 42,
                  "evalue": 1.29195,
                  "identity": 24,
                  "query_from": 2,
                  "query_to": 27,
                  "query_strand": "Plus",
                  "hit_from": 2156666,
                  "hit_to": 2156691,
                  "hit_strand": "Plus",
                  "align_len": 26,
                  "gaps": 0,
                  "qseq": "ATAGATCTGAGAATCTTACTAATACT",
                  "hseq": "ATATATCTGAGAATCTGACTAATACT",
                  "midline": "||| |||||||||||| |||||||||"
                }
              ]
            },
            {
              "num": 3,
              "description": [
                {
                  "id": "gi|49616672|gb|AY646131.1|",
                  "accession": "AY646131",
                  "title": "HIV-1 isolate DDH394 from Senegal envelope glycoprotein (env) gene, partial cds",
                  "taxid": 11676,
                  "sciname": "Human immunodeficiency virus 1"
                }
              ],
              "len": 307,
              "hsps": [
                {
                  "num": 1,
                  "bit_score": 39.157,
                  "score": 42,
                  "evalue": 1.29195,
                  "identity": 21,
                  "query_from": 3,
                  "query_to": 23,
                  "query_strand": "Plus",
                  "hit_from": 67,
                  "hit_to": 87,
                  "hit_strand": "Plus",
                  "align_len": 21,
                  "gaps": 0,
                  "qseq": "TAGATCTGAGAATCTTACTAA",
                  "hseq": "TAGATCTGAGAATCTTACTAA",
                  "midline": "|||||||||||||||||||||"
                }
              ]
            },
            {
              "num": 4,
              "description": [
                {
                  "id": "gi|1798177582|gb|MN650378.1|",
                  "accession": "MN650378",
                  "title": "HIV-1 isolate A110039R16 from Uganda gag protein (gag) gene, complete cds; pol protein (pol) gene, partial cds; vif protein (vif) and vpr protein (vpr) genes, complete cds; tat protein (tat) and rev protein (rev) genes, partial cds; vpu protein (vpu) gene, complete cds; and envelope glycoprotein (env) gene, partial cds",
                  "taxid": 11676,
                  "sciname": "Human immunodeficiency virus 1"
                }
              ],
              "len": 6515,
              "hsps": [
                {
                  "num": 1,
                  "bit_score": 38.2554,
                  "score": 41,
                  "evalue": 4.50935,
                  "identity": 22,
                  "query_from": 3,
                  "query_to": 25,
                  "query_strand": "Plus",
                  "hit_from": 6265,
                  "hit_to": 6287,
                  "hit_strand": "Plus",
                  "align_len": 23,
                  "gaps": 0,
                  "qseq": "TAGATCTGAGAATCTTACTAATA",
                  "hseq": "TAGATCTGAGAATCTTACAAATA",
                  "midline": "|||||||||||||||||| ||||"
                }
              ]
            },
            {
              "num": 5,
              "description": [
                {
                  "id": "gi|465282709|gb|HQ634175.1|",
                  "accession": "HQ634175",
                  "title": "Cyanophage P-RSM1 genomic sequence",
                  "taxid": 536444,
                  "sciname": "Cyanophage P-RSM1"
                }
              ],
              "len": 177211,
              "hsps": [
                {
                  "num": 1,
                  "bit_score": 38.2554,
                  "score": 41,
                  "evalue": 4.50935,
                  "identity": 22,
                  "query_from": 5,
                  "query_to": 27,
                  "query_strand": "Plus",
                  "hit_from": 172662,
                  "hit_to": 172640,
                  "hit_strand": "Minus",
                  "align_len": 23,
                  "gaps": 0,
                  "qseq": "GATCTGAGAATCTTACTAATACT",
                  "hseq": "GATCTGAGAATCTTACTTATACT",
                  "midline": "||||||||||||||||| |||||"
                }
              ]
            },
            {
              "num": 6,
              "description": [
                {
                  "id": "gi|340032094|gb|JF932737.1|",
                  "accession": "JF932737",
                  "title": "HIV-1 isolate P-M13806_1_16 from Uganda envelope glycoprotein (env) gene, partial cds",
                  "taxid": 11676,
                  "sciname": "Human immunodeficiency virus 1"
                }
              ],
              "len": 1044,
              "hsps": [
                {
                  "num": 1,
                  "bit_score": 38.2554,
                  "score": 41,
                  "evalue": 4.50935,
                  "identity": 22,
                  "query_from": 3,
                  "query_to": 25,
                  "query_strand": "Plus",
                  "hit_from": 462,
                  "hit_to": 484,
                  "hit_strand": "Plus",
                  "align_len": 23,
                  "gaps": 0,
                  "qseq": "TAGATCTGAGAATCTTACTAATA",
                  "hseq": "TAGATCTGAGAATCTTACAAATA",
                  "midline": "|||||||||||||||||| ||||"
                }
              ]
            },
            {
              "num": 7,
              "description": [
                {
                  "id": "gi|7799887|emb|AJ277820.1|",
                  "accession": "AJ277820",
                  "title": "Human immunodeficiency virus type 1 proviral mRNA for Env protein, isolate CI13",
                  "taxid": 11676,
                  "sciname": "Human immunodeficiency virus 1"
                }
              ],
              "len": 2526,
              "hsps": [
                {
                  "num": 1,
                  "bit_score": 38.2554,
                  "score": 41,
                  "evalue": 4.50935,
                  "identity": 22,
                  "query_from": 3,
                  "query_to": 25,
                  "query_strand": "Plus",
                  "hit_from": 795,
                  "hit_to": 817,
                  "hit_strand": "Plus",
                  "align_len": 23,
                  "gaps": 0,
                  "qseq": "TAGATCTGAGAATCTTACTAATA",
                  "hseq": "TAGATCTGAGAATCTTACAAATA",
                  "midline": "|||||||||||||||||| ||||"
                }
              ]
            },
            {
              "num": 8,
              "description": [
                {
                  "id": "gi|468633|emb|X72029.1|",
                  "accession": "X72029",
                  "title": "Human immunodeficiency virus type 1 (isolate CI-13-4) env gene (partial)",
                  "taxid": 11676,
                  "sciname": "Human immunodeficiency virus 1"
                },
                {
                  "id": "gi|468782|emb|X72028.1|",
                  "accession": "X72028",
                  "title": "Human immunodeficiency virus type 1 (isolate CI-13-3) env gene (partial)",
                  "taxid": 11676,
                  "sciname": "Human immunodeficiency virus 1"
                }
              ],
              "len": 882,
              "hsps": [
                {
                  "num": 1,
                  "bit_score": 38.2554,
                  "score": 41,
                  "evalue": 4.50935,
                  "identity": 22,
                  "query_from": 3,
                  "query_to": 25,
                  "query_strand": "Plus",
                  "hit_from": 15,
                  "hit_to": 37,
                  "hit_strand": "Plus",
                  "align_len": 23,
                  "gaps": 0,
                  "qseq": "TAGATCTGAGAATCTTACTAATA",
                  "hseq": "TAGATCTGAGAATCTTACAAATA",
                  "midline": "|||||||||||||||||| ||||"
                }
              ]
            },
            {
              "num": 9,
              "description": [
                {
                  "id": "gi|1789808903|gb|MN693259.1|",
                  "accession": "MN693259",
                  "title": "Marine virus AFVG_25M161, complete genome",
                  "taxid": 2694300,
                  "sciname": "Marine virus AFVG_25M161"
                }
              ],
              "len": 36330,
              "hsps": [
                {
                  "num": 1,
                  "bit_score": 37.3537,
                  "score": 40,
                  "evalue": 4.50935,
                  "identity": 23,
                  "query_from": 1,
                  "query_to": 25,
                  "query_strand": "Plus",
                  "hit_from": 35498,
                  "hit_to": 35474,
                  "hit_strand": "Minus",
                  "align_len": 25,
                  "gaps": 0,
                  "qseq": "AATAGATCTGAGAATCTTACTAATA",
                  "hseq": "AATAGATCTGAGAATCTTATTGATA",
                  "midline": "||||||||||||||||||| | |||"
                }
              ]
            },
            {
              "num": 10,
              "description": [
                {
                  "id": "gi|1539835930|emb|LR134313.1|",
                  "accession": "LR134313",
                  "title": "Neisseria canis strain NCTC10296 genome assembly, chromosome: 1",
                  "taxid": 493,
                  "sciname": "Neisseria canis"
                }
              ],
              "len": 2569389,
              "hsps": [
                {
                  "num": 1,
                  "bit_score": 37.3537,
                  "score": 40,
                  "evalue": 4.50935,
                  "identity": 20,
                  "query_from": 11,
                  "query_to": 30,
                  "query_strand": "Plus",
                  "hit_from": 1932584,
                  "hit_to": 1932565,
                  "hit_strand": "Minus",
                  "align_len": 20,
                  "gaps": 0,
                  "qseq": "AGAATCTTACTAATACTACT",
                  "hseq": "AGAATCTTACTAATACTACT",
                  "midline": "||||||||||||||||||||"
                }
              ]
            },
            {
              "num": 11,
              "description": [
                {
                  "id": "gi|1220465083|gb|CP020684.1|",
                  "accession": "CP020684",
                  "title": "Oryzias latipes strain Hd-rR chromosome 20 sequence",
                  "taxid": 8090,
                  "sciname": "Oryzias latipes"
                }
              ],
              "len": 25942153,
              "hsps": [
                {
                  "num": 1,
                  "bit_score": 37.3537,
                  "score": 40,
                  "evalue": 4.50935,
                  "identity": 26,
                  "query_from": 1,
                  "query_to": 30,
                  "query_strand": "Plus",
                  "hit_from": 7731661,
                  "hit_to": 7731690,
                  "hit_strand": "Plus",
                  "align_len": 30,
                  "gaps": 0,
                  "qseq": "AATAGATCTGAGAATCTTACTAATACTACT",
                  "hseq": "AATAAATATGAAAATCTTACTAAGACTACT",
                  "midline": "|||| || ||| ||||||||||| ||||||"
                }
              ]
            },
            {
              "num": 12,
              "description": [
                {
                  "id": "gi|1056744076|tpe|HF933226.1|",
                  "accession": "HF933226",
                  "title": "TPA_asm: Oryzias latipes strain Hd-rR, complete genome assembly, chromosome 20",
                  "taxid": 8090,
                  "sciname": "Oryzias latipes"
                }
              ],
              "len": 24728221,
              "hsps": [
                {
                  "num": 1,
                  "bit_score": 37.3537,
                  "score": 40,
                  "evalue": 4.50935,
                  "identity": 26,
                  "query_from": 1,
                  "query_to": 30,
                  "query_strand": "Plus",
                  "hit_from": 5371149,
                  "hit_to": 5371178,
                  "hit_strand": "Plus",
                  "align_len": 30,
                  "gaps": 0,
                  "qseq": "AATAGATCTGAGAATCTTACTAATACTACT",
                  "hseq": "AATAAATATGAAAATCTTACTAAGACTACT",
                  "midline": "|||| || ||| ||||||||||| ||||||"
                }
              ]
            },
            {
              "num": 13,
              "description": [
                {
                  "id": "gi|840015003|emb|LK065141.1|",
                  "accession": "LK065141",
                  "title": "Apteryx australis mantelli genome assembly AptMant0, scaffold scaffold86",
                  "taxid": 202946,
                  "sciname": "Apteryx australis mantelli"
                }
              ],
              "len": 17664469,
              "hsps": [
                {
                  "num": 1,
                  "bit_score": 37.3537,
                  "score": 40,
                  "evalue": 4.50935,
                  "identity": 23,
                  "query_from": 1,
                  "query_to": 25,
                  "query_strand": "Plus",
                  "hit_from": 7566386,
                  "hit_to": 7566410,
                  "hit_strand": "Plus",
                  "align_len": 25,
                  "gaps": 0,
                  "qseq": "AATAGATCTGAGAATCTTACTAATA",
                  "hseq": "AATAGATATGAGAGTCTTACTAATA",
                  "midline": "||||||| ||||| |||||||||||"
                }
              ]
            }
          ],
          "stat": {
            "db_num": 56611368,
            "db_len": 265677968464,
            "hsp_len": 0,
            "eff_space": 0,
            "kappa": 0.41,
            "lambda": 0.625,
            "entropy": 0.78
          }
        }
      }
    }
  }
}
