{
  "BlastOutput2": {
    "report": {
      "program": "blastn",
      "version": "BLASTN 2.10.0+",
      "reference": "Stephen F. Altschul, Thomas L. Madden, Alejandro A. Sch&auml;ffer, Jinghui Zhang, Zheng Zhang, Webb Miller, and David J. Lipman (1997), \"Gapped BLAST and PSI-BLAST: a new generation of protein database search programs\", Nucleic Acids Res. 25:3389-3402.",
      "search_target": {
        "db": "nt_v5"
      },
      "params": {
        "expect": 10,
        "sc_match": 2,
        "sc_mismatch": -3,
        "gap_open": 5,
        "gap_extend": 2,
        "filter": "L;m;"
      },
      "results": {
        "search": {
          "query_id": "Query_12537",
          "query_title": "Insertion Seq 155",
          "query_len": 30,
          "hits": [
            {
              "num": 1,
              "description": [
                {
                  "id": "gi|1784473004|gb|MK472067.1|",
                  "accession": "MK472067",
                  "title": "Alphacoronavirus sp. isolate WA1087, complete genome",
                  "taxid": 1906673,
                  "sciname": "Alphacoronavirus sp."
                }
              ],
              "len": 28170,
              "hsps": [
                {
                  "num": 1,
                  "bit_score": 46.3705,
                  "score": 50,
                  "evalue": 0.00870508,
                  "identity": 28,
                  "query_from": 1,
                  "query_to": 30,
                  "query_strand": "Plus",
                  "hit_from": 27339,
                  "hit_to": 27368,
                  "hit_strand": "Plus",
                  "align_len": 30,
                  "gaps": 0,
                  "qseq": "GTTGAGCTTACCTACACCTATAAAATGACT",
                  "hseq": "GTTGAGCTAACTTACACCTATAAAATGACT",
                  "midline": "|||||||| || ||||||||||||||||||"
                }
              ]
            },
            {
              "num": 2,
              "description": [
                {
                  "id": "gi|1559969747|gb|CP032607.1|",
                  "accession": "CP032607",
                  "title": "Lateolabrax maculatus linkage group 10 sequence",
                  "taxid": 315492,
                  "sciname": "Lateolabrax maculatus"
                }
              ],
              "len": 25018904,
              "hsps": [
                {
                  "num": 1,
                  "bit_score": 38.2554,
                  "score": 41,
                  "evalue": 4.50935,
                  "identity": 22,
                  "query_from": 5,
                  "query_to": 27,
                  "query_strand": "Plus",
                  "hit_from": 13630310,
                  "hit_to": 13630332,
                  "hit_strand": "Plus",
                  "align_len": 23,
                  "gaps": 0,
                  "qseq": "AGCTTACCTACACCTATAAAATG",
                  "hseq": "AGCTTACCAACACCTATAAAATG",
                  "midline": "|||||||| ||||||||||||||"
                }
              ]
            },
            {
              "num": 3,
              "description": [
                {
                  "id": "gi|1558335947|gb|CP027277.1|",
                  "accession": "CP027277",
                  "title": "Lateolabrax maculatus chromosome Lm16",
                  "taxid": 315492,
                  "sciname": "Lateolabrax maculatus"
                }
              ],
              "len": 22793363,
              "hsps": [
                {
                  "num": 1,
                  "bit_score": 38.2554,
                  "score": 41,
                  "evalue": 4.50935,
                  "identity": 22,
                  "query_from": 5,
                  "query_to": 27,
                  "query_strand": "Plus",
                  "hit_from": 17678350,
                  "hit_to": 17678328,
                  "hit_strand": "Minus",
                  "align_len": 23,
                  "gaps": 0,
                  "qseq": "AGCTTACCTACACCTATAAAATG",
                  "hseq": "AGCTTACCAACACCTATAAAATG",
                  "midline": "|||||||| ||||||||||||||"
                }
              ]
            },
            {
              "num": 4,
              "description": [
                {
                  "id": "gi|1219179978|dbj|LC171879.1|",
                  "accession": "LC171879",
                  "title": "Megalophaedusa martensi mitochondrial cytb, ND4L, ND1 genes for cytochrome b apoenzyme, NADH dehydrogenase subunit 4L, NADH dehydroenase subunit 1, partial and complete cds, isolate: 116",
                  "taxid": 1290011,
                  "sciname": "Megalophaedusa martensi"
                }
              ],
              "len": 1372,
              "hsps": [
                {
                  "num": 1,
                  "bit_score": 38.2554,
                  "score": 41,
                  "evalue": 4.50935,
                  "identity": 22,
                  "query_from": 2,
                  "query_to": 24,
                  "query_strand": "Plus",
                  "hit_from": 587,
                  "hit_to": 609,
                  "hit_strand": "Plus",
                  "align_len": 23,
                  "gaps": 0,
                  "qseq": "TTGAGCTTACCTACACCTATAAA",
                  "hseq": "TTGAGCTTACCTACACCTTTAAA",
                  "midline": "|||||||||||||||||| ||||"
                }
              ]
            },
            {
              "num": 5,
              "description": [
                {
                  "id": "gi|1774765291|gb|CP045899.1|",
                  "accession": "CP045899",
                  "title": "Caligus rogercresseyi isolate FCH chromosome 10",
                  "taxid": 217165,
                  "sciname": "Caligus rogercresseyi"
                }
              ],
              "len": 24815413,
              "hsps": [
                {
                  "num": 1,
                  "bit_score": 37.3537,
                  "score": 40,
                  "evalue": 4.50935,
                  "identity": 23,
                  "query_from": 6,
                  "query_to": 30,
                  "query_strand": "Plus",
                  "hit_from": 8356643,
                  "hit_to": 8356667,
                  "hit_strand": "Plus",
                  "align_len": 25,
                  "gaps": 0,
                  "qseq": "GCTTACCTACACCTATAAAATGACT",
                  "hseq": "GCTTACCTACACCTTTTAAATGACT",
                  "midline": "|||||||||||||| | ||||||||"
                }
              ]
            },
            {
              "num": 6,
              "description": [
                {
                  "id": "gi|1591613431|emb|LR535849.1|",
                  "accession": "LR535849",
                  "title": "Mastacembelus armatus genome assembly, chromosome: 17",
                  "taxid": 205130,
                  "sciname": "Mastacembelus armatus"
                }
              ],
              "len": 24949636,
              "hsps": [
                {
                  "num": 1,
                  "bit_score": 37.3537,
                  "score": 40,
                  "evalue": 4.50935,
                  "identity": 23,
                  "query_from": 6,
                  "query_to": 30,
                  "query_strand": "Plus",
                  "hit_from": 17615670,
                  "hit_to": 17615694,
                  "hit_strand": "Plus",
                  "align_len": 25,
                  "gaps": 0,
                  "qseq": "GCTTACCTACACCTATAAAATGACT",
                  "hseq": "GCCTACCTACACCTATAAACTGACT",
                  "midline": "|| |||||||||||||||| |||||"
                }
              ]
            },
            {
              "num": 7,
              "description": [
                {
                  "id": "gi|1591493399|ref|XM_028420850.1|",
                  "accession": "XM_028420850",
                  "title": "PREDICTED: Parambassis ranga TBC1 domain family member 8B (tbc1d8b), transcript variant X2, mRNA",
                  "taxid": 210632,
                  "sciname": "Parambassis ranga"
                }
              ],
              "len": 5615,
              "hsps": [
                {
                  "num": 1,
                  "bit_score": 37.3537,
                  "score": 40,
                  "evalue": 4.50935,
                  "identity": 23,
                  "query_from": 3,
                  "query_to": 27,
                  "query_strand": "Plus",
                  "hit_from": 4420,
                  "hit_to": 4396,
                  "hit_strand": "Minus",
                  "align_len": 25,
                  "gaps": 0,
                  "qseq": "TGAGCTTACCTACACCTATAAAATG",
                  "hseq": "TGAGCTTACCTTTACCTATAAAATG",
                  "midline": "|||||||||||  ||||||||||||"
                }
              ]
            },
            {
              "num": 8,
              "description": [
                {
                  "id": "gi|1591493397|ref|XM_028420849.1|",
                  "accession": "XM_028420849",
                  "title": "PREDICTED: Parambassis ranga TBC1 domain family member 8B (tbc1d8b), transcript variant X1, mRNA",
                  "taxid": 210632,
                  "sciname": "Parambassis ranga"
                }
              ],
              "len": 5708,
              "hsps": [
                {
                  "num": 1,
                  "bit_score": 37.3537,
                  "score": 40,
                  "evalue": 4.50935,
                  "identity": 23,
                  "query_from": 3,
                  "query_to": 27,
                  "query_strand": "Plus",
                  "hit_from": 4513,
                  "hit_to": 4489,
                  "hit_strand": "Minus",
                  "align_len": 25,
                  "gaps": 0,
                  "qseq": "TGAGCTTACCTACACCTATAAAATG",
                  "hseq": "TGAGCTTACCTTTACCTATAAAATG",
                  "midline": "|||||||||||  ||||||||||||"
                }
              ]
            },
            {
              "num": 9,
              "description": [
                {
                  "id": "gi|1539176573|emb|LR132038.1|",
                  "accession": "LR132038",
                  "title": "Anabas testudineus genome assembly, chromosome: 9",
                  "taxid": 64144,
                  "sciname": "Anabas testudineus"
                }
              ],
              "len": 28519589,
              "hsps": [
                {
                  "num": 1,
                  "bit_score": 37.3537,
                  "score": 40,
                  "evalue": 4.50935,
                  "identity": 20,
                  "query_from": 5,
                  "query_to": 24,
                  "query_strand": "Plus",
                  "hit_from": 20979080,
                  "hit_to": 20979061,
                  "hit_strand": "Minus",
                  "align_len": 20,
                  "gaps": 0,
                  "qseq": "AGCTTACCTACACCTATAAA",
                  "hseq": "AGCTTACCTACACCTATAAA",
                  "midline": "||||||||||||||||||||"
                }
              ]
            },
            {
              "num": 10,
              "description": [
                {
                  "id": "gi|1537016578|emb|LR131964.1|",
                  "accession": "LR131964",
                  "title": "Parambassis ranga genome assembly, chromosome: 14",
                  "taxid": 210632,
                  "sciname": "Parambassis ranga"
                }
              ],
              "len": 21894654,
              "hsps": [
                {
                  "num": 1,
                  "bit_score": 37.3537,
                  "score": 40,
                  "evalue": 4.50935,
                  "identity": 23,
                  "query_from": 3,
                  "query_to": 27,
                  "query_strand": "Plus",
                  "hit_from": 13935075,
                  "hit_to": 13935051,
                  "hit_strand": "Minus",
                  "align_len": 25,
                  "gaps": 0,
                  "qseq": "TGAGCTTACCTACACCTATAAAATG",
                  "hseq": "TGAGCTTACCTTTACCTATAAAATG",
                  "midline": "|||||||||||  ||||||||||||"
                }
              ]
            },
            {
              "num": 11,
              "description": [
                {
                  "id": "gi|1273855645|gb|CP023765.1|",
                  "accession": "CP023765",
                  "title": "Solanum lycopersicum cultivar I-3 chromosome 9",
                  "taxid": 4081,
                  "sciname": "Solanum lycopersicum"
                }
              ],
              "len": 72486365,
              "hsps": [
                {
                  "num": 1,
                  "bit_score": 37.3537,
                  "score": 40,
                  "evalue": 4.50935,
                  "identity": 20,
                  "query_from": 7,
                  "query_to": 26,
                  "query_strand": "Plus",
                  "hit_from": 44110805,
                  "hit_to": 44110786,
                  "hit_strand": "Minus",
                  "align_len": 20,
                  "gaps": 0,
                  "qseq": "CTTACCTACACCTATAAAAT",
                  "hseq": "CTTACCTACACCTATAAAAT",
                  "midline": "||||||||||||||||||||"
                }
              ]
            },
            {
              "num": 12,
              "description": [
                {
                  "id": "gi|663681331|emb|HG975521.1|",
                  "accession": "HG975521",
                  "title": "Solanum lycopersicum chromosome ch09, complete genome",
                  "taxid": 4081,
                  "sciname": "Solanum lycopersicum"
                }
              ],
              "len": 67665719,
              "hsps": [
                {
                  "num": 1,
                  "bit_score": 37.3537,
                  "score": 40,
                  "evalue": 4.50935,
                  "identity": 20,
                  "query_from": 7,
                  "query_to": 26,
                  "query_strand": "Plus",
                  "hit_from": 39708038,
                  "hit_to": 39708019,
                  "hit_strand": "Minus",
                  "align_len": 20,
                  "gaps": 0,
                  "qseq": "CTTACCTACACCTATAAAAT",
                  "hseq": "CTTACCTACACCTATAAAAT",
                  "midline": "||||||||||||||||||||"
                }
              ]
            },
            {
              "num": 13,
              "description": [
                {
                  "id": "gi|663673443|emb|HG975444.1|",
                  "accession": "HG975444",
                  "title": "Solanum pennellii chromosome ch05, complete genome",
                  "taxid": 28526,
                  "sciname": "Solanum pennellii"
                }
              ],
              "len": 77991103,
              "hsps": [
                {
                  "num": 1,
                  "bit_score": 37.3537,
                  "score": 40,
                  "evalue": 4.50935,
                  "identity": 20,
                  "query_from": 7,
                  "query_to": 26,
                  "query_strand": "Plus",
                  "hit_from": 58901816,
                  "hit_to": 58901797,
                  "hit_strand": "Minus",
                  "align_len": 20,
                  "gaps": 0,
                  "qseq": "CTTACCTACACCTATAAAAT",
                  "hseq": "CTTACCTACACCTATAAAAT",
                  "midline": "||||||||||||||||||||"
                }
              ]
            }
          ],
          "stat": {
            "db_num": 56611368,
            "db_len": 265677968464,
            "hsp_len": 0,
            "eff_space": 0,
            "kappa": 0.41,
            "lambda": 0.625,
            "entropy": 0.78
          }
        }
      }
    }
  }
}
