{
	"BlastJSON": [
		{"File": "72S5PC4X014_1.json" },
		{"File": "72S5PC4X014_2.json" },
		{"File": "72S5PC4X014_3.json" },
		{"File": "72S5PC4X014_4.json" },
		{"File": "72S5PC4X014_5.json" },
		{"File": "72S5PC4X014_6.json" },
		{"File": "72S5PC4X014_7.json" },
		{"File": "72S5PC4X014_8.json" },
		{"File": "72S5PC4X014_9.json" },
		{"File": "72S5PC4X014_10.json" },
		{"File": "72S5PC4X014_11.json" },
		{"File": "72S5PC4X014_12.json" },
		{"File": "72S5PC4X014_13.json" },
		{"File": "72S5PC4X014_14.json" },
		{"File": "72S5PC4X014_15.json" },
		{"File": "72S5PC4X014_16.json" },
		{"File": "72S5PC4X014_17.json" },
		{"File": "72S5PC4X014_18.json" },
		{"File": "72S5PC4X014_19.json" },
		{"File": "72S5PC4X014_20.json" },
		{"File": "72S5PC4X014_21.json" },
		{"File": "72S5PC4X014_22.json" },
		{"File": "72S5PC4X014_23.json" },
		{"File": "72S5PC4X014_24.json" },
		{"File": "72S5PC4X014_25.json" },
		{"File": "72S5PC4X014_26.json" },
		{"File": "72S5PC4X014_27.json" },
		{"File": "72S5PC4X014_28.json" },
		{"File": "72S5PC4X014_29.json" },
		{"File": "72S5PC4X014_30.json" },
		{"File": "72S5PC4X014_31.json" },
		{"File": "72S5PC4X014_32.json" },
		{"File": "72S5PC4X014_33.json" },
		{"File": "72S5PC4X014_34.json" },
		{"File": "72S5PC4X014_35.json" },
		{"File": "72S5PC4X014_36.json" },
		{"File": "72S5PC4X014_37.json" },
		{"File": "72S5PC4X014_38.json" },
		{"File": "72S5PC4X014_39.json" },
		{"File": "72S5PC4X014_40.json" },
		{"File": "72S5PC4X014_41.json" },
		{"File": "72S5PC4X014_42.json" },
		{"File": "72S5PC4X014_43.json" },
		{"File": "72S5PC4X014_44.json" },
		{"File": "72S5PC4X014_45.json" },
		{"File": "72S5PC4X014_46.json" },
		{"File": "72S5PC4X014_47.json" },
		{"File": "72S5PC4X014_48.json" },
		{"File": "72S5PC4X014_49.json" },
		{"File": "72S5PC4X014_50.json" },
		{"File": "72S5PC4X014_51.json" },
		{"File": "72S5PC4X014_52.json" },
		{"File": "72S5PC4X014_53.json" },
		{"File": "72S5PC4X014_54.json" },
		{"File": "72S5PC4X014_55.json" },
		{"File": "72S5PC4X014_56.json" },
		{"File": "72S5PC4X014_57.json" },
		{"File": "72S5PC4X014_58.json" },
		{"File": "72S5PC4X014_59.json" },
		{"File": "72S5PC4X014_60.json" },
		{"File": "72S5PC4X014_61.json" },
		{"File": "72S5PC4X014_62.json" },
		{"File": "72S5PC4X014_63.json" },
		{"File": "72S5PC4X014_64.json" },
		{"File": "72S5PC4X014_65.json" },
		{"File": "72S5PC4X014_66.json" },
		{"File": "72S5PC4X014_67.json" },
		{"File": "72S5PC4X014_68.json" },
		{"File": "72S5PC4X014_69.json" },
		{"File": "72S5PC4X014_70.json" },
		{"File": "72S5PC4X014_71.json" },
		{"File": "72S5PC4X014_72.json" },
		{"File": "72S5PC4X014_73.json" },
		{"File": "72S5PC4X014_74.json" },
		{"File": "72S5PC4X014_75.json" },
		{"File": "72S5PC4X014_76.json" },
		{"File": "72S5PC4X014_77.json" },
		{"File": "72S5PC4X014_78.json" },
		{"File": "72S5PC4X014_79.json" },
		{"File": "72S5PC4X014_80.json" },
		{"File": "72S5PC4X014_81.json" },
		{"File": "72S5PC4X014_82.json" },
		{"File": "72S5PC4X014_83.json" },
		{"File": "72S5PC4X014_84.json" },
		{"File": "72S5PC4X014_85.json" },
		{"File": "72S5PC4X014_86.json" },
		{"File": "72S5PC4X014_87.json" },
		{"File": "72S5PC4X014_88.json" },
		{"File": "72S5PC4X014_89.json" },
		{"File": "72S5PC4X014_90.json" },
		{"File": "72S5PC4X014_91.json" },
		{"File": "72S5PC4X014_92.json" },
		{"File": "72S5PC4X014_93.json" },
		{"File": "72S5PC4X014_94.json" },
		{"File": "72S5PC4X014_95.json" },
		{"File": "72S5PC4X014_96.json" },
		{"File": "72S5PC4X014_97.json" },
		{"File": "72S5PC4X014_98.json" },
		{"File": "72S5PC4X014_99.json" },
		{"File": "72S5PC4X014_100.json" },
		{"File": "72S5PC4X014_101.json" },
		{"File": "72S5PC4X014_102.json" },
		{"File": "72S5PC4X014_103.json" },
		{"File": "72S5PC4X014_104.json" },
		{"File": "72S5PC4X014_105.json" },
		{"File": "72S5PC4X014_106.json" },
		{"File": "72S5PC4X014_107.json" },
		{"File": "72S5PC4X014_108.json" },
		{"File": "72S5PC4X014_109.json" },
		{"File": "72S5PC4X014_110.json" },
		{"File": "72S5PC4X014_111.json" },
		{"File": "72S5PC4X014_112.json" },
		{"File": "72S5PC4X014_113.json" },
		{"File": "72S5PC4X014_114.json" },
		{"File": "72S5PC4X014_115.json" },
		{"File": "72S5PC4X014_116.json" },
		{"File": "72S5PC4X014_117.json" },
		{"File": "72S5PC4X014_118.json" },
		{"File": "72S5PC4X014_119.json" },
		{"File": "72S5PC4X014_120.json" },
		{"File": "72S5PC4X014_121.json" },
		{"File": "72S5PC4X014_122.json" },
		{"File": "72S5PC4X014_123.json" },
		{"File": "72S5PC4X014_124.json" },
		{"File": "72S5PC4X014_125.json" },
		{"File": "72S5PC4X014_126.json" },
		{"File": "72S5PC4X014_127.json" },
		{"File": "72S5PC4X014_128.json" },
		{"File": "72S5PC4X014_129.json" },
		{"File": "72S5PC4X014_130.json" },
		{"File": "72S5PC4X014_131.json" },
		{"File": "72S5PC4X014_132.json" },
		{"File": "72S5PC4X014_133.json" },
		{"File": "72S5PC4X014_134.json" },
		{"File": "72S5PC4X014_135.json" },
		{"File": "72S5PC4X014_136.json" },
		{"File": "72S5PC4X014_137.json" },
		{"File": "72S5PC4X014_138.json" },
		{"File": "72S5PC4X014_139.json" },
		{"File": "72S5PC4X014_140.json" },
		{"File": "72S5PC4X014_141.json" },
		{"File": "72S5PC4X014_142.json" },
		{"File": "72S5PC4X014_143.json" },
		{"File": "72S5PC4X014_144.json" },
		{"File": "72S5PC4X014_145.json" },
		{"File": "72S5PC4X014_146.json" },
		{"File": "72S5PC4X014_147.json" },
		{"File": "72S5PC4X014_148.json" },
		{"File": "72S5PC4X014_149.json" },
		{"File": "72S5PC4X014_150.json" },
		{"File": "72S5PC4X014_151.json" },
		{"File": "72S5PC4X014_152.json" },
		{"File": "72S5PC4X014_153.json" },
		{"File": "72S5PC4X014_154.json" },
		{"File": "72S5PC4X014_155.json" },
		{"File": "72S5PC4X014_156.json" },
		{"File": "72S5PC4X014_157.json" },
		{"File": "72S5PC4X014_158.json" },
		{"File": "72S5PC4X014_159.json" },
		{"File": "72S5PC4X014_160.json" },
		{"File": "72S5PC4X014_161.json" },
		{"File": "72S5PC4X014_162.json" },
		{"File": "72S5PC4X014_163.json" }
	]
}